type=CWD msg=audit(1790084751.421:67714): cwd="/home/ubuntu"
type=PATH msg=audit(1790084751.421:67714): item=0 name="/etc/passwd" inode=15919 dev=103:01 mode=0100644 ouid=0 ogid=0 rdev=00:00 nametype=NORMAL cap_fp=0 cap_fi=0 cap_fe=0 cap_fver=0 cap_frootid=0OUID="root" OGID="root"
type=PROCTITLE msg=audit(1790084751.421:67714): proctitle=62617368002D63007375646F207461696C202D6E20353030202F7661722F6C6F672F617574682E6C6F67
type=SYSCALL msg=audit(1790084751.422:67715): arch=c000003e syscall=257 success=yes exit=8 a0=ffffff9c a1=706ea8fdc2c5 a2=80000 a3=0 items=1 ppid=51513 pid=51514 auid=1000 uid=1000 gid=0 euid=0 suid=0 fsuid=0 egid=0 sgid=0 fsgid=0 tty=(none) ses=740 comm="sudo" exe="/usr/bin/sudo" subj=unconfined key="sensitive"ARCH=x86_64 SYSCALL=openat AUID="ubuntu" UID="ubuntu" GID="root" EUID="root" SUID="root" FSUID="root" EGID="root" SGID="root" FSGID="root"
type=CWD msg=audit(1790084751.422:67715): cwd="/home/ubuntu"
type=PATH msg=audit(1790084751.422:67715): item=0 name="/etc/passwd" inode=15919 dev=103:01 mode=0100644 ouid=0 ogid=0 rdev=00:00 nametype=NORMAL cap_fp=0 cap_fi=0 cap_fe=0 cap_fver=0 cap_frootid=0OUID="root" OGID="root"
type=PROCTITLE msg=audit(1790084751.422:67715): proctitle=62617368002D63007375646F207461696C202D6E20353030202F7661722F6C6F672F617574682E6C6F67
type=SYSCALL msg=audit(1790084751.422:67716): arch=c000003e syscall=257 success=yes exit=8 a0=ffffff9c a1=706ea8fdc2c5 a2=80000 a3=0 items=1 ppid=51513 pid=51514 auid=1000 uid=1000 gid=0 euid=0 suid=0 fsuid=0 egid=0 sgid=0 fsgid=0 tty=(none) ses=740 comm="sudo" exe="/usr/bin/sudo" subj=unconfined key="sensitive"ARCH=x86_64 SYSCALL=openat AUID="ubuntu" UID="ubuntu" GID="root" EUID="root" SUID="root" FSUID="root" EGID="root" SGID="root" FSGID="root"
type=CWD msg=audit(1790084751.422:67716): cwd="/home/ubuntu"
type=PATH msg=audit(1790084751.422:67716): item=0 name="/etc/passwd" inode=15919 dev=103:01 mode=0100644 ouid=0 ogid=0 rdev=00:00 nametype=NORMAL cap_fp=0 cap_fi=0 cap_fe=0 cap_fver=0 cap_frootid=0OUID="root" OGID="root"
type=PROCTITLE msg=audit(1790084751.422:67716): proctitle=62617368002D63007375646F207461696C202D6E20353030202F7661722F6C6F672F617574682E6C6F67
type=USER_START msg=audit(1790084751.422:67717): pid=51514 uid=1000 auid=1000 ses=740 subj=unconfined msg='op=PAM:session_open grantors=pam_limits,pam_env,pam_env,pam_permit,pam_umask,pam_unix acct="root" exe="/usr/bin/sudo" hostname=? addr=? terminal=? res=success'UID="ubuntu" AUID="ubuntu"
type=SYSCALL msg=audit(1790084751.423:67718): arch=c000003e syscall=59 success=yes exit=0 a0=5a36b1271258 a1=5a36b1264620 a2=5a36b1275dd0 a3=0 items=2 ppid=51514 pid=51515 auid=1000 uid=0 gid=0 euid=0 suid=0 fsuid=0 egid=0 sgid=0 fsgid=0 tty=(none) ses=740 comm="tail" exe="/usr/bin/tail" subj=unconfined key="exec"ARCH=x86_64 SYSCALL=execve AUID="ubuntu" UID="root" GID="root" EUID="root" SUID="root" FSUID="root" EGID="root" SGID="root" FSGID="root"
type=EXECVE msg=audit(1790084751.423:67718): argc=4 a0="tail" a1="-n" a2="500" a3="/var/log/auth.log"
type=CWD msg=audit(1790084751.423:67718): cwd="/home/ubuntu"
type=PATH msg=audit(1790084751.423:67718): item=0 name="/usr/bin/tail" inode=22074 dev=103:01 mode=0100755 ouid=0 ogid=0 rdev=00:00 nametype=NORMAL cap_fp=0 cap_fi=0 cap_fe=0 cap_fver=0 cap_frootid=0OUID="root" OGID="root"
type=PATH msg=audit(1790084751.423:67718): item=1 name="/lib64/ld-linux-x86-64.so.2" inode=3615 dev=103:01 mode=0100755 ouid=0 ogid=0 rdev=00:00 nametype=NORMAL cap_fp=0 cap_fi=0 cap_fe=0 cap_fver=0 cap_frootid=0OUID="root" OGID="root"
type=PROCTITLE msg=audit(1790084751.423:67718): proctitle=7461696C002D6E00353030002F7661722F6C6F672F617574682E6C6F67
type=USER_END msg=audit(1790084751.431:67719): pid=51514 uid=1000 auid=1000 ses=740 subj=unconfined msg='op=PAM:session_close grantors=pam_limits,pam_env,pam_env,pam_permit,pam_umask,pam_unix acct="root" exe="/usr/bin/sudo" hostname=? addr=? terminal=? res=success'UID="ubuntu" AUID="ubuntu"
type=CRED_DISP msg=audit(1790084751.432:67720): pid=51514 uid=1000 auid=1000 ses=740 subj=unconfined msg='op=PAM:setcred grantors=pam_permit acct="root" exe="/usr/bin/sudo" hostname=? addr=? terminal=? res=success'UID="ubuntu" AUID="ubuntu"
type=SYSCALL msg=audit(1790084751.480:67721): arch=c000003e syscall=257 success=yes exit=5 a0=ffffff9c a1=7f9d1b7dc2c5 a2=80000 a3=0 items=1 ppid=803 pid=51467 auid=1000 uid=0 gid=0 euid=0 suid=0 fsuid=0 egid=0 sgid=1000 fsgid=0 tty=(none) ses=740 comm="sshd" exe="/usr/sbin/sshd" subj=unconfined key="sensitive"ARCH=x86_64 SYSCALL=openat AUID="ubuntu" UID="root" GID="root" EUID="root" SUID="root" FSUID="root" EGID="root" SGID="ubuntu" FSGID="root"
type=CWD msg=audit(1790084751.480:67721): cwd="/"
type=PATH msg=audit(1790084751.480:67721): item=0 name="/etc/passwd" inode=15919 dev=103:01 mode=0100644 ouid=0 ogid=0 rdev=00:00 nametype=NORMAL cap_fp=0 cap_fi=0 cap_fe=0 cap_fver=0 cap_frootid=0OUID="root" OGID="root"
type=PROCTITLE msg=audit(1790084751.480:67721): proctitle=2F7573722F7362696E2F73736864002D44002D6F00417574686F72697A65644B657973436F6D6D616E64202F7573722F73686172652F6563322D696E7374616E63652D636F6E6E6563742F6569635F72756E5F617574686F72697A65645F6B657973202575202566002D6F00417574686F72697A65644B657973436F6D6D616E
type=USER_END msg=audit(1790084751.480:67722): pid=51467 uid=0 auid=1000 ses=740 subj=unconfined msg='op=PAM:session_close grantors=pam_selinux,pam_loginuid,pam_keyinit,pam_permit,pam_umask,pam_unix,pam_systemd,pam_mail,pam_limits,pam_env,pam_env,pam_selinux acct="ubuntu" exe="/usr/sbin/sshd" hostname=112.148.16.1 addr=112.148.16.1 terminal=ssh res=success'UID="root" AUID="ubuntu"
type=CRED_DISP msg=audit(1790084751.480:67723): pid=51467 uid=0 auid=1000 ses=740 subj=unconfined msg='op=PAM:setcred grantors=pam_permit acct="ubuntu" exe="/usr/sbin/sshd" hostname=112.148.16.1 addr=112.148.16.1 terminal=ssh res=success'UID="root" AUID="ubuntu"
type=SYSCALL msg=audit(1790084751.567:67724): arch=c000003e syscall=59 success=yes exit=0 a0=5f10994e19a0 a1=5f1099577a50 a2=5f10994e1ac0 a3=8 items=2 ppid=803 pid=51516 auid=4294967295 uid=0 gid=0 euid=0 suid=0 fsuid=0 egid=0 sgid=0 fsgid=0 tty=(none) ses=4294967295 comm="sshd" exe="/usr/sbin/sshd" subj=unconfined key="exec"ARCH=x86_64 SYSCALL=execve AUID="unset" UID="root" GID="root" EUID="root" SUID="root" FSUID="root" EGID="root" SGID="root" FSGID="root"
type=EXECVE msg=audit(1790084751.567:67724): argc=7 a0="/usr/sbin/sshd" a1="-D" a2="-o" a3=417574686F72697A65644B657973436F6D6D616E64202F7573722F73686172652F6563322D696E7374616E63652D636F6E6E6563742F6569635F72756E5F617574686F72697A65645F6B657973202575202566 a4="-o" a5=417574686F72697A65644B657973436F6D6D616E6455736572206563322D696E7374616E63652D636F6E6E656374 a6="-R"
type=CWD msg=audit(1790084751.567:67724): cwd="/"
type=PATH msg=audit(1790084751.567:67724): item=0 name="/usr/sbin/sshd" inode=3669 dev=103:01 mode=0100755 ouid=0 ogid=0 rdev=00:00 nametype=NORMAL cap_fp=0 cap_fi=0 cap_fe=0 cap_fver=0 cap_frootid=0OUID="root" OGID="root"
type=PATH msg=audit(1790084751.567:67724): item=1 name="/lib64/ld-linux-x86-64.so.2" inode=3615 dev=103:01 mode=0100755 ouid=0 ogid=0 rdev=00:00 nametype=NORMAL cap_fp=0 cap_fi=0 cap_fe=0 cap_fver=0 cap_frootid=0OUID="root" OGID="root"
type=PROCTITLE msg=audit(1790084751.567:67724): proctitle=2F7573722F7362696E2F73736864002D44002D6F00417574686F72697A65644B657973436F6D6D616E64202F7573722F73686172652F6563322D696E7374616E63652D636F6E6E6563742F6569635F72756E5F617574686F72697A65645F6B657973202575202566002D6F00417574686F72697A65644B657973436F6D6D616E
type=SYSCALL msg=audit(1790084751.577:67725): arch=c000003e syscall=257 success=yes exit=4 a0=ffffff9c a1=757fa91dc2c5 a2=80000 a3=0 items=1 ppid=803 pid=51516 auid=4294967295 uid=0 gid=0 euid=0 suid=0 fsuid=0 egid=0 sgid=0 fsgid=0 tty=(none) ses=4294967295 comm="sshd" exe="/usr/sbin/sshd" subj=unconfined key="sensitive"ARCH=x86_64 SYSCALL=openat AUID="unset" UID="root" GID="root" EUID="root" SUID="root" FSUID="root" EGID="root" SGID="root" FSGID="root"
type=CWD msg=audit(1790084751.577:67725): cwd="/"
type=PATH msg=audit(1790084751.577:67725): item=0 name="/etc/passwd" inode=15919 dev=103:01 mode=0100644 ouid=0 ogid=0 rdev=00:00 nametype=NORMAL cap_fp=0 cap_fi=0 cap_fe=0 cap_fver=0 cap_frootid=0OUID="root" OGID="root"
type=PROCTITLE msg=audit(1790084751.577:67725): proctitle=2F7573722F7362696E2F73736864002D44002D6F00417574686F72697A65644B657973436F6D6D616E64202F7573722F73686172652F6563322D696E7374616E63652D636F6E6E6563742F6569635F72756E5F617574686F72697A65645F6B657973202575202566002D6F00417574686F72697A65644B657973436F6D6D616E
type=SYSCALL msg=audit(1790084751.699:67726): arch=c000003e syscall=257 success=yes exit=5 a0=ffffff9c a1=757fa91dc2c5 a2=80000 a3=0 items=1 ppid=803 pid=51516 auid=4294967295 uid=0 gid=0 euid=0 suid=0 fsuid=0 egid=0 sgid=0 fsgid=0 tty=(none) ses=4294967295 comm="sshd" exe="/usr/sbin/sshd" subj=unconfined key="sensitive"ARCH=x86_64 SYSCALL=openat AUID="unset" UID="root" GID="root" EUID="root" SUID="root" FSUID="root" EGID="root" SGID="root" FSGID="root"
type=CWD msg=audit(1790084751.699:67726): cwd="/"
type=PATH msg=audit(1790084751.699:67726): item=0 name="/etc/passwd" inode=15919 dev=103:01 mode=0100644 ouid=0 ogid=0 rdev=00:00 nametype=NORMAL cap_fp=0 cap_fi=0 cap_fe=0 cap_fver=0 cap_frootid=0OUID="root" OGID="root"
type=PROCTITLE msg=audit(1790084751.699:67726): proctitle=2F7573722F7362696E2F73736864002D44002D6F00417574686F72697A65644B657973436F6D6D616E64202F7573722F73686172652F6563322D696E7374616E63652D636F6E6E6563742F6569635F72756E5F617574686F72697A65645F6B657973202575202566002D6F00417574686F72697A65644B657973436F6D6D616E
type=SYSCALL msg=audit(1790084751.735:67727): arch=c000003e syscall=257 success=yes exit=5 a0=ffffff9c a1=757fa91dc2c5 a2=80000 a3=0 items=1 ppid=803 pid=51516 auid=4294967295 uid=0 gid=0 euid=0 suid=0 fsuid=0 egid=0 sgid=0 fsgid=0 tty=(none) ses=4294967295 comm="sshd" exe="/usr/sbin/sshd" subj=unconfined key="sensitive"ARCH=x86_64 SYSCALL=openat AUID="unset" UID="root" GID="root" EUID="root" SUID="root" FSUID="root" EGID="root" SGID="root" FSGID="root"
type=CWD msg=audit(1790084751.735:67727): cwd="/"
type=PATH msg=audit(1790084751.735:67727): item=0 name="/etc/passwd" inode=15919 dev=103:01 mode=0100644 ouid=0 ogid=0 rdev=00:00 nametype=NORMAL cap_fp=0 cap_fi=0 cap_fe=0 cap_fver=0 cap_frootid=0OUID="root" OGID="root"
type=PROCTITLE msg=audit(1790084751.735:67727): proctitle=2F7573722F7362696E2F73736864002D44002D6F00417574686F72697A65644B657973436F6D6D616E64202F7573722F73686172652F6563322D696E7374616E63652D636F6E6E6563742F6569635F72756E5F617574686F72697A65645F6B657973202575202566002D6F00417574686F72697A65644B657973436F6D6D616E
type=SYSCALL msg=audit(1790084751.736:67728): arch=c000003e syscall=257 success=yes exit=5 a0=ffffff9c a1=757fa91dc2dd a2=80000 a3=0 items=1 ppid=803 pid=51516 auid=4294967295 uid=0 gid=0 euid=0 suid=0 fsuid=0 egid=0 sgid=0 fsgid=0 tty=(none) ses=4294967295 comm="sshd" exe="/usr/sbin/sshd" subj=unconfined key="sensitive"ARCH=x86_64 SYSCALL=openat AUID="unset" UID="root" GID="root" EUID="root" SUID="root" FSUID="root" EGID="root" SGID="root" FSGID="root"
type=CWD msg=audit(1790084751.736:67728): cwd="/"
type=PATH msg=audit(1790084751.736:67728): item=0 name="/etc/shadow" inode=2647 dev=103:01 mode=0100640 ouid=0 ogid=42 rdev=00:00 nametype=NORMAL cap_fp=0 cap_fi=0 cap_fe=0 cap_fver=0 cap_frootid=0OUID="root" OGID="shadow"
type=PROCTITLE msg=audit(1790084751.736:67728): proctitle=2F7573722F7362696E2F73736864002D44002D6F00417574686F72697A65644B657973436F6D6D616E64202F7573722F73686172652F6563322D696E7374616E63652D636F6E6E6563742F6569635F72756E5F617574686F72697A65645F6B657973202575202566002D6F00417574686F72697A65644B657973436F6D6D616E
type=USER_ACCT msg=audit(1790084751.736:67729): pid=51516 uid=0 auid=4294967295 ses=4294967295 subj=unconfined msg='op=PAM:accounting grantors=pam_permit acct="ubuntu" exe="/usr/sbin/sshd" hostname=112.148.16.1 addr=112.148.16.1 terminal=ssh res=success'UID="root" AUID="unset"
type=SYSCALL msg=audit(1790084751.741:67730): arch=c000003e syscall=257 success=yes exit=3 a0=ffffff9c a1=757fa91dc2c5 a2=80000 a3=0 items=1 ppid=803 pid=51516 auid=4294967295 uid=0 gid=0 euid=0 suid=0 fsuid=0 egid=0 sgid=0 fsgid=0 tty=(none) ses=4294967295 comm="sshd" exe="/usr/sbin/sshd" subj=unconfined key="sensitive"ARCH=x86_64 SYSCALL=openat AUID="unset" UID="root" GID="root" EUID="root" SUID="root" FSUID="root" EGID="root" SGID="root" FSGID="root"
type=CWD msg=audit(1790084751.741:67730): cwd="/"
type=PATH msg=audit(1790084751.741:67730): item=0 name="/etc/passwd" inode=15919 dev=103:01 mode=0100644 ouid=0 ogid=0 rdev=00:00 nametype=NORMAL cap_fp=0 cap_fi=0 cap_fe=0 cap_fver=0 cap_frootid=0OUID="root" OGID="root"
type=PROCTITLE msg=audit(1790084751.741:67730): proctitle=2F7573722F7362696E2F73736864002D44002D6F00417574686F72697A65644B657973436F6D6D616E64202F7573722F73686172652F6563322D696E7374616E63652D636F6E6E6563742F6569635F72756E5F617574686F72697A65645F6B657973202575202566002D6F00417574686F72697A65644B657973436F6D6D616E
type=CRED_ACQ msg=audit(1790084751.743:67731): pid=51516 uid=0 auid=4294967295 ses=4294967295 subj=unconfined msg='op=PAM:setcred grantors=pam_permit,pam_cap acct="ubuntu" exe="/usr/sbin/sshd" hostname=112.148.16.1 addr=112.148.16.1 terminal=ssh res=success'UID="root" AUID="unset"
type=SYSCALL msg=audit(1790084751.743:67732): arch=c000003e syscall=257 success=yes exit=3 a0=ffffff9c a1=757fa91dc2c5 a2=80000 a3=0 items=1 ppid=803 pid=51516 auid=4294967295 uid=0 gid=0 euid=0 suid=0 fsuid=0 egid=0 sgid=0 fsgid=0 tty=(none) ses=4294967295 comm="sshd" exe="/usr/sbin/sshd" subj=unconfined key="sensitive"ARCH=x86_64 SYSCALL=openat AUID="unset" UID="root" GID="root" EUID="root" SUID="root" FSUID="root" EGID="root" SGID="root" FSGID="root"
type=CWD msg=audit(1790084751.743:67732): cwd="/"
type=PATH msg=audit(1790084751.743:67732): item=0 name="/etc/passwd" inode=15919 dev=103:01 mode=0100644 ouid=0 ogid=0 rdev=00:00 nametype=NORMAL cap_fp=0 cap_fi=0 cap_fe=0 cap_fver=0 cap_frootid=0OUID="root" OGID="root"
type=PROCTITLE msg=audit(1790084751.743:67732): proctitle=2F7573722F7362696E2F73736864002D44002D6F00417574686F72697A65644B657973436F6D6D616E64202F7573722F73686172652F6563322D696E7374616E63652D636F6E6E6563742F6569635F72756E5F617574686F72697A65645F6B657973202575202566002D6F00417574686F72697A65644B657973436F6D6D616E
type=LOGIN msg=audit(1790084751.743:67733): pid=51516 uid=0 subj=unconfined old-auid=4294967295 auid=1000 tty=(none) old-ses=4294967295 ses=741 res=1UID="root" OLD-AUID="unset" AUID="ubuntu"
type=SYSCALL msg=audit(1790084751.743:67733): arch=c000003e syscall=1 success=yes exit=4 a0=3 a1=7ffe75481920 a2=4 a3=0 items=0 ppid=803 pid=51516 auid=1000 uid=0 gid=0 euid=0 suid=0 fsuid=0 egid=0 sgid=0 fsgid=0 tty=(none) ses=741 comm="sshd" exe="/usr/sbin/sshd" subj=unconfined key=(null)ARCH=x86_64 SYSCALL=write AUID="ubuntu" UID="root" GID="root" EUID="root" SUID="root" FSUID="root" EGID="root" SGID="root" FSGID="root"
type=PROCTITLE msg=audit(1790084751.743:67733): proctitle=2F7573722F7362696E2F73736864002D44002D6F00417574686F72697A65644B657973436F6D6D616E64202F7573722F73686172652F6563322D696E7374616E63652D636F6E6E6563742F6569635F72756E5F617574686F72697A65645F6B657973202575202566002D6F00417574686F72697A65644B657973436F6D6D616E
type=SYSCALL msg=audit(1790084751.744:67734): arch=c000003e syscall=257 success=yes exit=3 a0=ffffff9c a1=757fa91dc2c5 a2=80000 a3=0 items=1 ppid=803 pid=51516 auid=1000 uid=0 gid=0 euid=0 suid=0 fsuid=0 egid=0 sgid=0 fsgid=0 tty=(none) ses=741 comm="sshd" exe="/usr/sbin/sshd" subj=unconfined key="sensitive"ARCH=x86_64 SYSCALL=openat AUID="ubuntu" UID="root" GID="root" EUID="root" SUID="root" FSUID="root" EGID="root" SGID="root" FSGID="root"
type=CWD msg=audit(1790084751.744:67734): cwd="/"
type=PATH msg=audit(1790084751.744:67734): item=0 name="/etc/passwd" inode=15919 dev=103:01 mode=0100644 ouid=0 ogid=0 rdev=00:00 nametype=NORMAL cap_fp=0 cap_fi=0 cap_fe=0 cap_fver=0 cap_frootid=0OUID="root" OGID="root"
type=PROCTITLE msg=audit(1790084751.744:67734): proctitle=2F7573722F7362696E2F73736864002D44002D6F00417574686F72697A65644B657973436F6D6D616E64202F7573722F73686172652F6563322D696E7374616E63652D636F6E6E6563742F6569635F72756E5F617574686F72697A65645F6B657973202575202566002D6F00417574686F72697A65644B657973436F6D6D616E
type=SYSCALL msg=audit(1790084751.744:67735): arch=c000003e syscall=257 success=yes exit=3 a0=ffffff9c a1=757fa91dc2c5 a2=80000 a3=0 items=1 ppid=803 pid=51516 auid=1000 uid=0 gid=0 euid=0 suid=0 fsuid=0 egid=0 sgid=0 fsgid=0 tty=(none) ses=741 comm="sshd" exe="/usr/sbin/sshd" subj=unconfined key="sensitive"ARCH=x86_64 SYSCALL=openat AUID="ubuntu" UID="root" GID="root" EUID="root" SUID="root" FSUID="root" EGID="root" SGID="root" FSGID="root"
type=CWD msg=audit(1790084751.744:67735): cwd="/"
type=PATH msg=audit(1790084751.744:67735): item=0 name="/etc/passwd" inode=15919 dev=103:01 mode=0100644 ouid=0 ogid=0 rdev=00:00 nametype=NORMAL cap_fp=0 cap_fi=0 cap_fe=0 cap_fver=0 cap_frootid=0OUID="root" OGID="root"
type=PROCTITLE msg=audit(1790084751.744:67735): proctitle=2F7573722F7362696E2F73736864002D44002D6F00417574686F72697A65644B657973436F6D6D616E64202F7573722F73686172652F6563322D696E7374616E63652D636F6E6E6563742F6569635F72756E5F617574686F72697A65645F6B657973202575202566002D6F00417574686F72697A65644B657973436F6D6D616E
type=SYSCALL msg=audit(1790084751.745:67736): arch=c000003e syscall=257 success=yes exit=3 a0=ffffff9c a1=757fa91dc2c5 a2=80000 a3=0 items=1 ppid=803 pid=51516 auid=1000 uid=0 gid=0 euid=0 suid=0 fsuid=0 egid=0 sgid=0 fsgid=0 tty=(none) ses=741 comm="sshd" exe="/usr/sbin/sshd" subj=unconfined key="sensitive"ARCH=x86_64 SYSCALL=openat AUID="ubuntu" UID="root" GID="root" EUID="root" SUID="root" FSUID="root" EGID="root" SGID="root" FSGID="root"
type=CWD msg=audit(1790084751.745:67736): cwd="/"
type=PATH msg=audit(1790084751.745:67736): item=0 name="/etc/passwd" inode=15919 dev=103:01 mode=0100644 ouid=0 ogid=0 rdev=00:00 nametype=NORMAL cap_fp=0 cap_fi=0 cap_fe=0 cap_fver=0 cap_frootid=0OUID="root" OGID="root"
type=PROCTITLE msg=audit(1790084751.745:67736): proctitle=2F7573722F7362696E2F73736864002D44002D6F00417574686F72697A65644B657973436F6D6D616E64202F7573722F73686172652F6563322D696E7374616E63652D636F6E6E6563742F6569635F72756E5F617574686F72697A65645F6B657973202575202566002D6F00417574686F72697A65644B657973436F6D6D616E
type=SYSCALL msg=audit(1790084751.746:67737): arch=c000003e syscall=257 success=yes exit=5 a0=ffffff9c a1=757fa91dc2c5 a2=80000 a3=0 items=1 ppid=803 pid=51516 auid=1000 uid=0 gid=0 euid=0 suid=0 fsuid=0 egid=0 sgid=0 fsgid=0 tty=(none) ses=741 comm="sshd" exe="/usr/sbin/sshd" subj=unconfined key="sensitive"ARCH=x86_64 SYSCALL=openat AUID="ubuntu" UID="root" GID="root" EUID="root" SUID="root" FSUID="root" EGID="root" SGID="root" FSGID="root"
type=CWD msg=audit(1790084751.746:67737): cwd="/"
type=PATH msg=audit(1790084751.746:67737): item=0 name="/etc/passwd" inode=15919 dev=103:01 mode=0100644 ouid=0 ogid=0 rdev=00:00 nametype=NORMAL cap_fp=0 cap_fi=0 cap_fe=0 cap_fver=0 cap_frootid=0OUID="root" OGID="root"
type=PROCTITLE msg=audit(1790084751.746:67737): proctitle=2F7573722F7362696E2F73736864002D44002D6F00417574686F72697A65644B657973436F6D6D616E64202F7573722F73686172652F6563322D696E7374616E63652D636F6E6E6563742F6569635F72756E5F617574686F72697A65645F6B657973202575202566002D6F00417574686F72697A65644B657973436F6D6D616E
type=SYSCALL msg=audit(1790084751.746:67738): arch=c000003e syscall=257 success=yes exit=5 a0=ffffff9c a1=757fa91dc2dd a2=80000 a3=0 items=1 ppid=803 pid=51516 auid=1000 uid=0 gid=0 euid=0 suid=0 fsuid=0 egid=0 sgid=0 fsgid=0 tty=(none) ses=741 comm="sshd" exe="/usr/sbin/sshd" subj=unconfined key="sensitive"ARCH=x86_64 SYSCALL=openat AUID="ubuntu" UID="root" GID="root" EUID="root" SUID="root" FSUID="root" EGID="root" SGID="root" FSGID="root"
type=CWD msg=audit(1790084751.746:67738): cwd="/"
type=PATH msg=audit(1790084751.746:67738): item=0 name="/etc/shadow" inode=2647 dev=103:01 mode=0100640 ouid=0 ogid=42 rdev=00:00 nametype=NORMAL cap_fp=0 cap_fi=0 cap_fe=0 cap_fver=0 cap_frootid=0OUID="root" OGID="shadow"
type=PROCTITLE msg=audit(1790084751.746:67738): proctitle=2F7573722F7362696E2F73736864002D44002D6F00417574686F72697A65644B657973436F6D6D616E64202F7573722F73686172652F6563322D696E7374616E63652D636F6E6E6563742F6569635F72756E5F617574686F72697A65645F6B657973202575202566002D6F00417574686F72697A65644B657973436F6D6D616E
type=SYSCALL msg=audit(1790084751.750:67739): arch=c000003e syscall=257 success=yes exit=22 a0=ffffff9c a1=7c333b5dc2c5 a2=80000 a3=0 items=1 ppid=1 pid=449 auid=4294967295 uid=0 gid=0 euid=0 suid=0 fsuid=0 egid=0 sgid=0 fsgid=0 tty=(none) ses=4294967295 comm="systemd-logind" exe="/usr/lib/systemd/systemd-logind" subj=unconfined key="sensitive"ARCH=x86_64 SYSCALL=openat AUID="unset" UID="root" GID="root" EUID="root" SUID="root" FSUID="root" EGID="root" SGID="root" FSGID="root"
type=CWD msg=audit(1790084751.750:67739): cwd="/"
type=PATH msg=audit(1790084751.750:67739): item=0 name="/etc/passwd" inode=15919 dev=103:01 mode=0100644 ouid=0 ogid=0 rdev=00:00 nametype=NORMAL cap_fp=0 cap_fi=0 cap_fe=0 cap_fver=0 cap_frootid=0OUID="root" OGID="root"
type=PROCTITLE msg=audit(1790084751.750:67739): proctitle="/lib/systemd/systemd-logind"
type=SYSCALL msg=audit(1790084751.764:67740): arch=c000003e syscall=59 success=yes exit=0 a0=757fa91d8678 a1=7ffe75481360 a2=583a827deaf0 a3=8 items=2 ppid=51516 pid=51518 auid=1000 uid=0 gid=0 euid=0 suid=0 fsuid=0 egid=0 sgid=0 fsgid=0 tty=(none) ses=741 comm="sh" exe="/usr/bin/dash" subj=unconfined key="exec"ARCH=x86_64 SYSCALL=execve AUID="ubuntu" UID="root" GID="root" EUID="root" SUID="root" FSUID="root" EGID="root" SGID="root" FSGID="root"
type=EXECVE msg=audit(1790084751.764:67740): argc=3 a0="sh" a1="-c" a2=2F7573722F62696E2F656E76202D6920504154483D2F7573722F6C6F63616C2F7362696E3A2F7573722F6C6F63616C2F62696E3A2F7573722F7362696E3A2F7573722F62696E3A2F7362696E3A2F62696E2072756E2D7061727473202D2D6C7362737973696E6974202F6574632F7570646174652D6D6F74642E64203E202F72756E2F6D6F74642E64796E616D69632E6E6577
type=CWD msg=audit(1790084751.764:67740): cwd="/"
type=PATH msg=audit(1790084751.764:67740): item=0 name="/bin/sh" inode=1547 dev=103:01 mode=0100755 ouid=0 ogid=0 rdev=00:00 nametype=NORMAL cap_fp=0 cap_fi=0 cap_fe=0 cap_fver=0 cap_frootid=0OUID="root" OGID="root"
type=PATH msg=audit(1790084751.764:67740): item=1 name="/lib64/ld-linux-x86-64.so.2" inode=3615 dev=103:01 mode=0100755 ouid=0 ogid=0 rdev=00:00 nametype=NORMAL cap_fp=0 cap_fi=0 cap_fe=0 cap_fver=0 cap_frootid=0OUID="root" OGID="root"
type=PROCTITLE msg=audit(1790084751.764:67740): proctitle=7368002D63002F7573722F62696E2F656E76202D6920504154483D2F7573722F6C6F63616C2F7362696E3A2F7573722F6C6F63616C2F62696E3A2F7573722F7362696E3A2F7573722F62696E3A2F7362696E3A2F62696E2072756E2D7061727473202D2D6C7362737973696E6974202F6574632F7570646174652D6D6F74642E
type=SYSCALL msg=audit(1790084751.766:67741): arch=c000003e syscall=59 success=yes exit=0 a0=6255f32635a8 a1=6255f32636a8 a2=6255f3263848 a3=8 items=2 ppid=51518 pid=51519 auid=1000 uid=0 gid=0 euid=0 suid=0 fsuid=0 egid=0 sgid=0 fsgid=0 tty=(none) ses=741 comm="env" exe="/usr/bin/env" subj=unconfined key="exec"ARCH=x86_64 SYSCALL=execve AUID="ubuntu" UID="root" GID="root" EUID="root" SUID="root" FSUID="root" EGID="root" SGID="root" FSGID="root"
type=EXECVE msg=audit(1790084751.766:67741): argc=6 a0="/usr/bin/env" a1="-i" a2="PATH=/usr/local/sbin:/usr/local/bin:/usr/sbin:/usr/bin:/sbin:/bin" a3="run-parts" a4="--lsbsysinit" a5="/etc/update-motd.d"
type=CWD msg=audit(1790084751.766:67741): cwd="/"
type=PATH msg=audit(1790084751.766:67741): item=0 name="/usr/bin/env" inode=18831 dev=103:01 mode=0100755 ouid=0 ogid=0 rdev=00:00 nametype=NORMAL cap_fp=0 cap_fi=0 cap_fe=0 cap_fver=0 cap_frootid=0OUID="root" OGID="root"
type=PATH msg=audit(1790084751.766:67741): item=1 name="/lib64/ld-linux-x86-64.so.2" inode=3615 dev=103:01 mode=0100755 ouid=0 ogid=0 rdev=00:00 nametype=NORMAL cap_fp=0 cap_fi=0 cap_fe=0 cap_fver=0 cap_frootid=0OUID="root" OGID="root"
type=PROCTITLE msg=audit(1790084751.766:67741): proctitle=2F7573722F62696E2F656E76002D6900504154483D2F7573722F6C6F63616C2F7362696E3A2F7573722F6C6F63616C2F62696E3A2F7573722F7362696E3A2F7573722F62696E3A2F7362696E3A2F62696E0072756E2D7061727473002D2D6C7362737973696E6974002F6574632F7570646174652D6D6F74642E64
type=SYSCALL msg=audit(1790084751.767:67742): arch=c000003e syscall=59 success=no exit=-2 a0=7ffd6f93d850 a1=7ffd6f93dbb0 a2=570f11933200 a3=0 items=1 ppid=51518 pid=51519 auid=1000 uid=0 gid=0 euid=0 suid=0 fsuid=0 egid=0 sgid=0 fsgid=0 tty=(none) ses=741 comm="env" exe="/usr/bin/env" subj=unconfined key="exec"ARCH=x86_64 SYSCALL=execve AUID="ubuntu" UID="root" GID="root" EUID="root" SUID="root" FSUID="root" EGID="root" SGID="root" FSGID="root"
type=CWD msg=audit(1790084751.767:67742): cwd="/"
type=PATH msg=audit(1790084751.767:67742): item=0 name="/usr/local/sbin/run-parts" nametype=UNKNOWN cap_fp=0 cap_fi=0 cap_fe=0 cap_fver=0 cap_frootid=0
type=PROCTITLE msg=audit(1790084751.767:67742): proctitle=2F7573722F62696E2F656E76002D6900504154483D2F7573722F6C6F63616C2F7362696E3A2F7573722F6C6F63616C2F62696E3A2F7573722F7362696E3A2F7573722F62696E3A2F7362696E3A2F62696E0072756E2D7061727473002D2D6C7362737973696E6974002F6574632F7570646174652D6D6F74642E64
type=SYSCALL msg=audit(1790084751.767:67743): arch=c000003e syscall=59 success=no exit=-2 a0=7ffd6f93d850 a1=7ffd6f93dbb0 a2=570f11933200 a3=0 items=1 ppid=51518 pid=51519 auid=1000 uid=0 gid=0 euid=0 suid=0 fsuid=0 egid=0 sgid=0 fsgid=0 tty=(none) ses=741 comm="env" exe="/usr/bin/env" subj=unconfined key="exec"ARCH=x86_64 SYSCALL=execve AUID="ubuntu" UID="root" GID="root" EUID="root" SUID="root" FSUID="root" EGID="root" SGID="root" FSGID="root"
type=CWD msg=audit(1790084751.767:67743): cwd="/"
type=PATH msg=audit(1790084751.767:67743): item=0 name="/usr/local/bin/run-parts" nametype=UNKNOWN cap_fp=0 cap_fi=0 cap_fe=0 cap_fver=0 cap_frootid=0
type=PROCTITLE msg=audit(1790084751.767:67743): proctitle=2F7573722F62696E2F656E76002D6900504154483D2F7573722F6C6F63616C2F7362696E3A2F7573722F6C6F63616C2F62696E3A2F7573722F7362696E3A2F7573722F62696E3A2F7362696E3A2F62696E0072756E2D7061727473002D2D6C7362737973696E6974002F6574632F7570646174652D6D6F74642E64
type=SYSCALL msg=audit(1790084751.767:67744): arch=c000003e syscall=59 success=no exit=-2 a0=7ffd6f93d850 a1=7ffd6f93dbb0 a2=570f11933200 a3=0 items=1 ppid=51518 pid=51519 auid=1000 uid=0 gid=0 euid=0 suid=0 fsuid=0 egid=0 sgid=0 fsgid=0 tty=(none) ses=741 comm="env" exe="/usr/bin/env" subj=unconfined key="exec"ARCH=x86_64 SYSCALL=execve AUID="ubuntu" UID="root" GID="root" EUID="root" SUID="root" FSUID="root" EGID="root" SGID="root" FSGID="root"
type=CWD msg=audit(1790084751.767:67744): cwd="/"
type=PATH msg=audit(1790084751.767:67744): item=0 name="/usr/sbin/run-parts" nametype=UNKNOWN cap_fp=0 cap_fi=0 cap_fe=0 cap_fver=0 cap_frootid=0
type=PROCTITLE msg=audit(1790084751.767:67744): proctitle=2F7573722F62696E2F656E76002D6900504154483D2F7573722F6C6F63616C2F7362696E3A2F7573722F6C6F63616C2F62696E3A2F7573722F7362696E3A2F7573722F62696E3A2F7362696E3A2F62696E0072756E2D7061727473002D2D6C7362737973696E6974002F6574632F7570646174652D6D6F74642E64
type=SYSCALL msg=audit(1790084751.767:67745): arch=c000003e syscall=59 success=yes exit=0 a0=7ffd6f93d850 a1=7ffd6f93dbb0 a2=570f11933200 a3=0 items=2 ppid=51518 pid=51519 auid=1000 uid=0 gid=0 euid=0 suid=0 fsuid=0 egid=0 sgid=0 fsgid=0 tty=(none) ses=741 comm="run-parts" exe="/usr/bin/run-parts" subj=unconfined key="exec"ARCH=x86_64 SYSCALL=execve AUID="ubuntu" UID="root" GID="root" EUID="root" SUID="root" FSUID="root" EGID="root" SGID="root" FSGID="root"
type=EXECVE msg=audit(1790084751.767:67745): argc=3 a0="run-parts" a1="--lsbsysinit" a2="/etc/update-motd.d"
type=CWD msg=audit(1790084751.767:67745): cwd="/"
type=PATH msg=audit(1790084751.767:67745): item=0 name="/usr/bin/run-parts" inode=1557 dev=103:01 mode=0100755 ouid=0 ogid=0 rdev=00:00 nametype=NORMAL cap_fp=0 cap_fi=0 cap_fe=0 cap_fver=0 cap_frootid=0OUID="root" OGID="root"
type=PATH msg=audit(1790084751.767:67745): item=1 name="/lib64/ld-linux-x86-64.so.2" inode=3615 dev=103:01 mode=0100755 ouid=0 ogid=0 rdev=00:00 nametype=NORMAL cap_fp=0 cap_fi=0 cap_fe=0 cap_fver=0 cap_frootid=0OUID="root" OGID="root"
type=PROCTITLE msg=audit(1790084751.767:67745): proctitle=2F7573722F62696E2F656E76002D6900504154483D2F7573722F6C6F63616C2F7362696E3A2F7573722F6C6F63616C2F62696E3A2F7573722F7362696E3A2F7573722F62696E3A2F7362696E3A2F62696E0072756E2D7061727473002D2D6C7362737973696E6974002F6574632F7570646174652D6D6F74642E64
type=SYSCALL msg=audit(1790084751.771:67746): arch=c000003e syscall=59 success=yes exit=0 a0=5eded21bcdb0 a1=5eded21b82a0 a2=7ffd7de49338 a3=8 items=3 ppid=51519 pid=51520 auid=1000 uid=0 gid=0 euid=0 suid=0 fsuid=0 egid=0 sgid=0 fsgid=0 tty=(none) ses=741 comm="00-header" exe="/usr/bin/dash" subj=unconfined key="exec"ARCH=x86_64 SYSCALL=execve AUID="ubuntu" UID="root" GID="root" EUID="root" SUID="root" FSUID="root" EGID="root" SGID="root" FSGID="root"
type=EXECVE msg=audit(1790084751.771:67746): argc=2 a0="/bin/sh" a1="/etc/update-motd.d/00-header"
type=CWD msg=audit(1790084751.771:67746): cwd="/"
type=PATH msg=audit(1790084751.771:67746): item=0 name="/etc/update-motd.d/00-header" inode=90 dev=103:01 mode=0100755 ouid=0 ogid=0 rdev=00:00 nametype=NORMAL cap_fp=0 cap_fi=0 cap_fe=0 cap_fver=0 cap_frootid=0OUID="root" OGID="root"
type=PATH msg=audit(1790084751.771:67746): item=1 name="/bin/sh" inode=1547 dev=103:01 mode=0100755 ouid=0 ogid=0 rdev=00:00 nametype=NORMAL cap_fp=0 cap_fi=0 cap_fe=0 cap_fver=0 cap_frootid=0OUID="root" OGID="root"
type=PATH msg=audit(1790084751.771:67746): item=2 name="/lib64/ld-linux-x86-64.so.2" inode=3615 dev=103:01 mode=0100755 ouid=0 ogid=0 rdev=00:00 nametype=NORMAL cap_fp=0 cap_fi=0 cap_fe=0 cap_fver=0 cap_frootid=0OUID="root" OGID="root"
type=PROCTITLE msg=audit(1790084751.771:67746): proctitle=2F62696E2F7368002F6574632F7570646174652D6D6F74642E642F30302D686561646572
type=SYSCALL msg=audit(1790084751.774:67747): arch=c000003e syscall=59 success=yes exit=0 a0=56e73a391540 a1=56e73a391510 a2=56e73a391528 a3=56e73a393660 items=2 ppid=51520 pid=51521 auid=1000 uid=0 gid=0 euid=0 suid=0 fsuid=0 egid=0 sgid=0 fsgid=0 tty=(none) ses=741 comm="uname" exe="/usr/bin/uname" subj=unconfined key="exec"ARCH=x86_64 SYSCALL=execve AUID="ubuntu" UID="root" GID="root" EUID="root" SUID="root" FSUID="root" EGID="root" SGID="root" FSGID="root"
type=EXECVE msg=audit(1790084751.774:67747): argc=2 a0="uname" a1="-o"
type=CWD msg=audit(1790084751.774:67747): cwd="/"
type=PATH msg=audit(1790084751.774:67747): item=0 name="/usr/bin/uname" inode=17738 dev=103:01 mode=0100755 ouid=0 ogid=0 rdev=00:00 nametype=NORMAL cap_fp=0 cap_fi=0 cap_fe=0 cap_fver=0 cap_frootid=0OUID="root" OGID="root"
type=PATH msg=audit(1790084751.774:67747): item=1 name="/lib64/ld-linux-x86-64.so.2" inode=3615 dev=103:01 mode=0100755 ouid=0 ogid=0 rdev=00:00 nametype=NORMAL cap_fp=0 cap_fi=0 cap_fe=0 cap_fver=0 cap_frootid=0OUID="root" OGID="root"
type=PROCTITLE msg=audit(1790084751.774:67747): proctitle=756E616D65002D6F
type=SYSCALL msg=audit(1790084751.775:67748): arch=c000003e syscall=59 success=yes exit=0 a0=56e73a391560 a1=56e73a391530 a2=56e73a391548 a3=56e73a393660 items=2 ppid=51520 pid=51522 auid=1000 uid=0 gid=0 euid=0 suid=0 fsuid=0 egid=0 sgid=0 fsgid=0 tty=(none) ses=741 comm="uname" exe="/usr/bin/uname" subj=unconfined key="exec"ARCH=x86_64 SYSCALL=execve AUID="ubuntu" UID="root" GID="root" EUID="root" SUID="root" FSUID="root" EGID="root" SGID="root" FSGID="root"
type=EXECVE msg=audit(1790084751.775:67748): argc=2 a0="uname" a1="-r"
type=CWD msg=audit(1790084751.775:67748): cwd="/"
type=PATH msg=audit(1790084751.775:67748): item=0 name="/usr/bin/uname" inode=17738 dev=103:01 mode=0100755 ouid=0 ogid=0 rdev=00:00 nametype=NORMAL cap_fp=0 cap_fi=0 cap_fe=0 cap_fver=0 cap_frootid=0OUID="root" OGID="root"
type=PATH msg=audit(1790084751.775:67748): item=1 name="/lib64/ld-linux-x86-64.so.2" inode=3615 dev=103:01 mode=0100755 ouid=0 ogid=0 rdev=00:00 nametype=NORMAL cap_fp=0 cap_fi=0 cap_fe=0 cap_fver=0 cap_frootid=0OUID="root" OGID="root"
type=PROCTITLE msg=audit(1790084751.775:67748): proctitle=756E616D65002D72
type=SYSCALL msg=audit(1790084751.776:67749): arch=c000003e syscall=59 success=yes exit=0 a0=56e73a391798 a1=56e73a391558 a2=56e73a391570 a3=56e73a393660 items=2 ppid=51520 pid=51523 auid=1000 uid=0 gid=0 euid=0 suid=0 fsuid=0 egid=0 sgid=0 fsgid=0 tty=(none) ses=741 comm="uname" exe="/usr/bin/uname" subj=unconfined key="exec"ARCH=x86_64 SYSCALL=execve AUID="ubuntu" UID="root" GID="root" EUID="root" SUID="root" FSUID="root" EGID="root" SGID="root" FSGID="root"
type=EXECVE msg=audit(1790084751.776:67749): argc=2 a0="uname" a1="-m"
type=CWD msg=audit(1790084751.776:67749): cwd="/"
type=PATH msg=audit(1790084751.776:67749): item=0 name="/usr/bin/uname" inode=17738 dev=103:01 mode=0100755 ouid=0 ogid=0 rdev=00:00 nametype=NORMAL cap_fp=0 cap_fi=0 cap_fe=0 cap_fver=0 cap_frootid=0OUID="root" OGID="root"
type=PATH msg=audit(1790084751.776:67749): item=1 name="/lib64/ld-linux-x86-64.so.2" inode=3615 dev=103:01 mode=0100755 ouid=0 ogid=0 rdev=00:00 nametype=NORMAL cap_fp=0 cap_fi=0 cap_fe=0 cap_fver=0 cap_frootid=0OUID="root" OGID="root"
type=PROCTITLE msg=audit(1790084751.776:67749): proctitle=756E616D65002D6D
type=SYSCALL msg=audit(1790084751.777:67750): arch=c000003e syscall=59 success=yes exit=0 a0=5eded21bcdb0 a1=5eded21b82a0 a2=7ffd7de49338 a3=8 items=3 ppid=51519 pid=51524 auid=1000 uid=0 gid=0 euid=0 suid=0 fsuid=0 egid=0 sgid=0 fsgid=0 tty=(none) ses=741 comm="10-help-text" exe="/usr/bin/dash" subj=unconfined key="exec"ARCH=x86_64 SYSCALL=execve AUID="ubuntu" UID="root" GID="root" EUID="root" SUID="root" FSUID="root" EGID="root" SGID="root" FSGID="root"
type=EXECVE msg=audit(1790084751.777:67750): argc=2 a0="/bin/sh" a1="/etc/update-motd.d/10-help-text"
type=CWD msg=audit(1790084751.777:67750): cwd="/"
type=PATH msg=audit(1790084751.777:67750): item=0 name="/etc/update-motd.d/10-help-text" inode=92 dev=103:01 mode=0100755 ouid=0 ogid=0 rdev=00:00 nametype=NORMAL cap_fp=0 cap_fi=0 cap_fe=0 cap_fver=0 cap_frootid=0OUID="root" OGID="root"
type=PATH msg=audit(1790084751.777:67750): item=1 name="/bin/sh" inode=1547 dev=103:01 mode=0100755 ouid=0 ogid=0 rdev=00:00 nametype=NORMAL cap_fp=0 cap_fi=0 cap_fe=0 cap_fver=0 cap_frootid=0OUID="root" OGID="root"
type=PATH msg=audit(1790084751.777:67750): item=2 name="/lib64/ld-linux-x86-64.so.2" inode=3615 dev=103:01 mode=0100755 ouid=0 ogid=0 rdev=00:00 nametype=NORMAL cap_fp=0 cap_fi=0 cap_fe=0 cap_fver=0 cap_frootid=0OUID="root" OGID="root"
type=PROCTITLE msg=audit(1790084751.777:67750): proctitle=2F62696E2F7368002F6574632F7570646174652D6D6F74642E642F31302D68656C702D74657874
type=SYSCALL msg=audit(1790084751.778:67751): arch=c000003e syscall=59 success=yes exit=0 a0=5eded21bcdb0 a1=5eded21b82a0 a2=7ffd7de49338 a3=8 items=3 ppid=51519 pid=51525 auid=1000 uid=0 gid=0 euid=0 suid=0 fsuid=0 egid=0 sgid=0 fsgid=0 tty=(none) ses=741 comm="50-landscape-sy" exe="/usr/bin/dash" subj=unconfined key="exec"ARCH=x86_64 SYSCALL=execve AUID="ubuntu" UID="root" GID="root" EUID="root" SUID="root" FSUID="root" EGID="root" SGID="root" FSGID="root"
type=EXECVE msg=audit(1790084751.778:67751): argc=2 a0="/bin/sh" a1="/etc/update-motd.d/50-landscape-sysinfo"
type=CWD msg=audit(1790084751.778:67751): cwd="/"
type=PATH msg=audit(1790084751.778:67751): item=0 name="/etc/update-motd.d/50-landscape-sysinfo" inode=40437 dev=103:01 mode=0100755 ouid=0 ogid=0 rdev=00:00 nametype=NORMAL cap_fp=0 cap_fi=0 cap_fe=0 cap_fver=0 cap_frootid=0OUID="root" OGID="root"
type=PATH msg=audit(1790084751.778:67751): item=1 name="/bin/sh" inode=1547 dev=103:01 mode=0100755 ouid=0 ogid=0 rdev=00:00 nametype=NORMAL cap_fp=0 cap_fi=0 cap_fe=0 cap_fver=0 cap_frootid=0OUID="root" OGID="root"
type=PATH msg=audit(1790084751.778:67751): item=2 name="/lib64/ld-linux-x86-64.so.2" inode=3615 dev=103:01 mode=0100755 ouid=0 ogid=0 rdev=00:00 nametype=NORMAL cap_fp=0 cap_fi=0 cap_fe=0 cap_fver=0 cap_frootid=0OUID="root" OGID="root"
type=PROCTITLE msg=audit(1790084751.778:67751): proctitle=2F62696E2F7368002F6574632F7570646174652D6D6F74642E642F35302D6C616E6473636170652D737973696E666F
type=SYSCALL msg=audit(1790084751.779:67752): arch=c000003e syscall=59 success=yes exit=0 a0=5ada5a8f4728 a1=5ada5a8f46c8 a2=5ada5a8f4710 a3=0 items=2 ppid=51525 pid=51526 auid=1000 uid=0 gid=0 euid=0 suid=0 fsuid=0 egid=0 sgid=0 fsgid=0 tty=(none) ses=741 comm="find" exe="/usr/bin/find" subj=unconfined key="exec"ARCH=x86_64 SYSCALL=execve AUID="ubuntu" UID="root" GID="root" EUID="root" SUID="root" FSUID="root" EGID="root" SGID="root" FSGID="root"
type=EXECVE msg=audit(1790084751.779:67752): argc=4 a0="find" a1="/var/lib/landscape/landscape-sysinfo.cache" a2="-newermt" a3=6E6F772D31206D696E75746573
type=CWD msg=audit(1790084751.779:67752): cwd="/"
type=PATH msg=audit(1790084751.779:67752): item=0 name="/usr/bin/find" inode=1625 dev=103:01 mode=0100755 ouid=0 ogid=0 rdev=00:00 nametype=NORMAL cap_fp=0 cap_fi=0 cap_fe=0 cap_fver=0 cap_frootid=0OUID="root" OGID="root"
type=PATH msg=audit(1790084751.779:67752): item=1 name="/lib64/ld-linux-x86-64.so.2" inode=3615 dev=103:01 mode=0100755 ouid=0 ogid=0 rdev=00:00 nametype=NORMAL cap_fp=0 cap_fi=0 cap_fe=0 cap_fver=0 cap_frootid=0OUID="root" OGID="root"
type=PROCTITLE msg=audit(1790084751.779:67752): proctitle=66696E64002F7661722F6C69622F6C616E6473636170652F6C616E6473636170652D737973696E666F2E6361636865002D6E657765726D74006E6F772D31206D696E75746573
type=SYSCALL msg=audit(1790084751.780:67753): arch=c000003e syscall=59 success=yes exit=0 a0=5ada5a8f5fe0 a1=5ada5a8f5fb0 a2=5ada5a8f5fc8 a3=8 items=2 ppid=51525 pid=51527 auid=1000 uid=0 gid=0 euid=0 suid=0 fsuid=0 egid=0 sgid=0 fsgid=0 tty=(none) ses=741 comm="cat" exe="/usr/bin/cat" subj=unconfined key="exec"ARCH=x86_64 SYSCALL=execve AUID="ubuntu" UID="root" GID="root" EUID="root" SUID="root" FSUID="root" EGID="root" SGID="root" FSGID="root"
type=EXECVE msg=audit(1790084751.780:67753): argc=2 a0="cat" a1="/var/lib/landscape/landscape-sysinfo.cache"
type=CWD msg=audit(1790084751.780:67753): cwd="/"
type=PATH msg=audit(1790084751.780:67753): item=0 name="/usr/bin/cat" inode=3931 dev=103:01 mode=0100755 ouid=0 ogid=0 rdev=00:00 nametype=NORMAL cap_fp=0 cap_fi=0 cap_fe=0 cap_fver=0 cap_frootid=0OUID="root" OGID="root"
type=PATH msg=audit(1790084751.780:67753): item=1 name="/lib64/ld-linux-x86-64.so.2" inode=3615 dev=103:01 mode=0100755 ouid=0 ogid=0 rdev=00:00 nametype=NORMAL cap_fp=0 cap_fi=0 cap_fe=0 cap_fver=0 cap_frootid=0OUID="root" OGID="root"
type=PROCTITLE msg=audit(1790084751.780:67753): proctitle=636174002F7661722F6C69622F6C616E6473636170652F6C616E6473636170652D737973696E666F2E6361636865
type=SYSCALL msg=audit(1790084751.781:67754): arch=c000003e syscall=59 success=yes exit=0 a0=5eded21bcdb0 a1=5eded21b82a0 a2=7ffd7de49338 a3=8 items=3 ppid=51519 pid=51528 auid=1000 uid=0 gid=0 euid=0 suid=0 fsuid=0 egid=0 sgid=0 fsgid=0 tty=(none) ses=741 comm="50-motd-news" exe="/usr/bin/dash" subj=unconfined key="exec"ARCH=x86_64 SYSCALL=execve AUID="ubuntu" UID="root" GID="root" EUID="root" SUID="root" FSUID="root" EGID="root" SGID="root" FSGID="root"
type=EXECVE msg=audit(1790084751.781:67754): argc=2 a0="/bin/sh" a1="/etc/update-motd.d/50-motd-news"
type=CWD msg=audit(1790084751.781:67754): cwd="/"
type=PATH msg=audit(1790084751.781:67754): item=0 name="/etc/update-motd.d/50-motd-news" inode=91 dev=103:01 mode=0100755 ouid=0 ogid=0 rdev=00:00 nametype=NORMAL cap_fp=0 cap_fi=0 cap_fe=0 cap_fver=0 cap_frootid=0OUID="root" OGID="root"
type=PATH msg=audit(1790084751.781:67754): item=1 name="/bin/sh" inode=1547 dev=103:01 mode=0100755 ouid=0 ogid=0 rdev=00:00 nametype=NORMAL cap_fp=0 cap_fi=0 cap_fe=0 cap_fver=0 cap_frootid=0OUID="root" OGID="root"
type=PATH msg=audit(1790084751.781:67754): item=2 name="/lib64/ld-linux-x86-64.so.2" inode=3615 dev=103:01 mode=0100755 ouid=0 ogid=0 rdev=00:00 nametype=NORMAL cap_fp=0 cap_fi=0 cap_fe=0 cap_fver=0 cap_frootid=0OUID="root" OGID="root"
type=PROCTITLE msg=audit(1790084751.781:67754): proctitle=2F62696E2F7368002F6574632F7570646174652D6D6F74642E642F35302D6D6F74642D6E657773
type=SYSCALL msg=audit(1790084751.783:67755): arch=c000003e syscall=59 success=yes exit=0 a0=59de0ac05cc0 a1=59de0ac05c90 a2=59de0ac05ca8 a3=59de0ac07660 items=2 ppid=51528 pid=51529 auid=1000 uid=0 gid=0 euid=0 suid=0 fsuid=0 egid=0 sgid=0 fsgid=0 tty=(none) ses=741 comm="cat" exe="/usr/bin/cat" subj=unconfined key="exec"ARCH=x86_64 SYSCALL=execve AUID="ubuntu" UID="root" GID="root" EUID="root" SUID="root" FSUID="root" EGID="root" SGID="root" FSGID="root"
type=SYSCALL msg=audit(1790084751.783:67756): arch=c000003e syscall=59 success=yes exit=0 a0=59de0ac05cc8 a1=59de0ac05c90 a2=59de0ac05cb0 a3=59de0ac07660 items=2 ppid=51528 pid=51530 auid=1000 uid=0 gid=0 euid=0 suid=0 fsuid=0 egid=0 sgid=0 fsgid=0 tty=(none) ses=741 comm="head" exe="/usr/bin/head" subj=unconfined key="exec"ARCH=x86_64 SYSCALL=execve AUID="ubuntu" UID="root" GID="root" EUID="root" SUID="root" FSUID="root" EGID="root" SGID="root" FSGID="root"
type=SYSCALL msg=audit(1790084751.783:67757): arch=c000003e syscall=59 success=yes exit=0 a0=59de0ac05ce8 a1=59de0ac05cb0 a2=59de0ac05cd0 a3=59de0ac07660 items=2 ppid=51528 pid=51531 auid=1000 uid=0 gid=0 euid=0 suid=0 fsuid=0 egid=0 sgid=0 fsgid=0 tty=(none) ses=741 comm="tr" exe="/usr/bin/tr" subj=unconfined key="exec"ARCH=x86_64 SYSCALL=execve AUID="ubuntu" UID="root" GID="root" EUID="root" SUID="root" FSUID="root" EGID="root" SGID="root" FSGID="root"
type=EXECVE msg=audit(1790084751.783:67755): argc=2 a0="cat" a1="/var/cache/motd-news"
type=CWD msg=audit(1790084751.783:67755): cwd="/"
type=PATH msg=audit(1790084751.783:67755): item=0 name="/usr/bin/cat" inode=3931 dev=103:01 mode=0100755 ouid=0 ogid=0 rdev=00:00 nametype=NORMAL cap_fp=0 cap_fi=0 cap_fe=0 cap_fver=0 cap_frootid=0OUID="root" OGID="root"
type=PATH msg=audit(1790084751.783:67755): item=1 name="/lib64/ld-linux-x86-64.so.2" inode=3615 dev=103:01 mode=0100755 ouid=0 ogid=0 rdev=00:00 nametype=NORMAL cap_fp=0 cap_fi=0 cap_fe=0 cap_fver=0 cap_frootid=0OUID="root" OGID="root"
type=PROCTITLE msg=audit(1790084751.783:67755): proctitle=636174002F7661722F63616368652F6D6F74642D6E657773
type=EXECVE msg=audit(1790084751.783:67756): argc=3 a0="head" a1="-n" a2="10"
type=CWD msg=audit(1790084751.783:67756): cwd="/"
type=PATH msg=audit(1790084751.783:67756): item=0 name="/usr/bin/head" inode=19516 dev=103:01 mode=0100755 ouid=0 ogid=0 rdev=00:00 nametype=NORMAL cap_fp=0 cap_fi=0 cap_fe=0 cap_fver=0 cap_frootid=0OUID="root" OGID="root"
type=PATH msg=audit(1790084751.783:67756): item=1 name="/lib64/ld-linux-x86-64.so.2" inode=3615 dev=103:01 mode=0100755 ouid=0 ogid=0 rdev=00:00 nametype=NORMAL cap_fp=0 cap_fi=0 cap_fe=0 cap_fver=0 cap_frootid=0OUID="root" OGID="root"
type=PROCTITLE msg=audit(1790084751.783:67756): proctitle=68656164002D6E003130
type=EXECVE msg=audit(1790084751.783:67757): argc=3 a0="tr" a1="-d" a2="\000-\011\013\014\016-\037"
type=CWD msg=audit(1790084751.783:67757): cwd="/"
type=PATH msg=audit(1790084751.783:67757): item=0 name="/usr/bin/tr" inode=22120 dev=103:01 mode=0100755 ouid=0 ogid=0 rdev=00:00 nametype=NORMAL cap_fp=0 cap_fi=0 cap_fe=0 cap_fver=0 cap_frootid=0OUID="root" OGID="root"
type=PATH msg=audit(1790084751.783:67757): item=1 name="/lib64/ld-linux-x86-64.so.2" inode=3615 dev=103:01 mode=0100755 ouid=0 ogid=0 rdev=00:00 nametype=NORMAL cap_fp=0 cap_fi=0 cap_fe=0 cap_fver=0 cap_frootid=0OUID="root" OGID="root"
type=PROCTITLE msg=audit(1790084751.783:67757): proctitle=7472002D64005C3030302D5C3031315C3031335C3031345C3031362D5C303337
type=SYSCALL msg=audit(1790084751.783:67758): arch=c000003e syscall=59 success=yes exit=0 a0=59de0ac05cc8 a1=59de0ac05c90 a2=59de0ac05cb0 a3=59de0ac07660 items=2 ppid=51528 pid=51532 auid=1000 uid=0 gid=0 euid=0 suid=0 fsuid=0 egid=0 sgid=0 fsgid=0 tty=(none) ses=741 comm="cut" exe="/usr/bin/cut" subj=unconfined key="exec"ARCH=x86_64 SYSCALL=execve AUID="ubuntu" UID="root" GID="root" EUID="root" SUID="root" FSUID="root" EGID="root" SGID="root" FSGID="root"
type=EXECVE msg=audit(1790084751.783:67758): argc=3 a0="cut" a1="-c" a2="-80"
type=CWD msg=audit(1790084751.783:67758): cwd="/"
type=PATH msg=audit(1790084751.783:67758): item=0 name="/usr/bin/cut" inode=18798 dev=103:01 mode=0100755 ouid=0 ogid=0 rdev=00:00 nametype=NORMAL cap_fp=0 cap_fi=0 cap_fe=0 cap_fver=0 cap_frootid=0OUID="root" OGID="root"
type=PATH msg=audit(1790084751.783:67758): item=1 name="/lib64/ld-linux-x86-64.so.2" inode=3615 dev=103:01 mode=0100755 ouid=0 ogid=0 rdev=00:00 nametype=NORMAL cap_fp=0 cap_fi=0 cap_fe=0 cap_fver=0 cap_frootid=0OUID="root" OGID="root"
type=PROCTITLE msg=audit(1790084751.783:67758): proctitle=637574002D63002D3830
type=SYSCALL msg=audit(1790084751.787:67759): arch=c000003e syscall=59 success=yes exit=0 a0=5eded21bcdb0 a1=5eded21b82a0 a2=7ffd7de49338 a3=8 items=3 ppid=51519 pid=51533 auid=1000 uid=0 gid=0 euid=0 suid=0 fsuid=0 egid=0 sgid=0 fsgid=0 tty=(none) ses=741 comm="90-updates-avai" exe="/usr/bin/dash" subj=unconfined key="exec"ARCH=x86_64 SYSCALL=execve AUID="ubuntu" UID="root" GID="root" EUID="root" SUID="root" FSUID="root" EGID="root" SGID="root" FSGID="root"
type=EXECVE msg=audit(1790084751.787:67759): argc=2 a0="/bin/sh" a1="/etc/update-motd.d/90-updates-available"
type=CWD msg=audit(1790084751.787:67759): cwd="/"
type=PATH msg=audit(1790084751.787:67759): item=0 name="/etc/update-motd.d/90-updates-available" inode=96 dev=103:01 mode=0100755 ouid=0 ogid=0 rdev=00:00 nametype=NORMAL cap_fp=0 cap_fi=0 cap_fe=0 cap_fver=0 cap_frootid=0OUID="root" OGID="root"
type=PATH msg=audit(1790084751.787:67759): item=1 name="/bin/sh" inode=1547 dev=103:01 mode=0100755 ouid=0 ogid=0 rdev=00:00 nametype=NORMAL cap_fp=0 cap_fi=0 cap_fe=0 cap_fver=0 cap_frootid=0OUID="root" OGID="root"
type=PATH msg=audit(1790084751.787:67759): item=2 name="/lib64/ld-linux-x86-64.so.2" inode=3615 dev=103:01 mode=0100755 ouid=0 ogid=0 rdev=00:00 nametype=NORMAL cap_fp=0 cap_fi=0 cap_fe=0 cap_fver=0 cap_frootid=0OUID="root" OGID="root"
type=PROCTITLE msg=audit(1790084751.787:67759): proctitle=2F62696E2F7368002F6574632F7570646174652D6D6F74642E642F39302D757064617465732D617661696C61626C65
type=SYSCALL msg=audit(1790084751.787:67760): arch=c000003e syscall=59 success=yes exit=0 a0=649ef2d0f420 a1=649ef2d0f3f0 a2=649ef2d0f408 a3=8 items=2 ppid=51533 pid=51534 auid=1000 uid=0 gid=0 euid=0 suid=0 fsuid=0 egid=0 sgid=0 fsgid=0 tty=(none) ses=741 comm="cat" exe="/usr/bin/cat" subj=unconfined key="exec"ARCH=x86_64 SYSCALL=execve AUID="ubuntu" UID="root" GID="root" EUID="root" SUID="root" FSUID="root" EGID="root" SGID="root" FSGID="root"
type=EXECVE msg=audit(1790084751.787:67760): argc=2 a0="cat" a1="/var/lib/update-notifier/updates-available"
type=CWD msg=audit(1790084751.787:67760): cwd="/"
type=PATH msg=audit(1790084751.787:67760): item=0 name="/usr/bin/cat" inode=3931 dev=103:01 mode=0100755 ouid=0 ogid=0 rdev=00:00 nametype=NORMAL cap_fp=0 cap_fi=0 cap_fe=0 cap_fver=0 cap_frootid=0OUID="root" OGID="root"
type=PATH msg=audit(1790084751.787:67760): item=1 name="/lib64/ld-linux-x86-64.so.2" inode=3615 dev=103:01 mode=0100755 ouid=0 ogid=0 rdev=00:00 nametype=NORMAL cap_fp=0 cap_fi=0 cap_fe=0 cap_fver=0 cap_frootid=0OUID="root" OGID="root"
type=PROCTITLE msg=audit(1790084751.787:67760): proctitle=636174002F7661722F6C69622F7570646174652D6E6F7469666965722F757064617465732D617661696C61626C65
type=SYSCALL msg=audit(1790084751.789:67761): arch=c000003e syscall=59 success=yes exit=0 a0=649ef2d0f5a8 a1=649ef2d0f560 a2=649ef2d0f590 a3=2 items=2 ppid=51533 pid=51536 auid=1000 uid=0 gid=0 euid=0 suid=0 fsuid=0 egid=0 sgid=0 fsgid=0 tty=(none) ses=741 comm="grep" exe="/usr/bin/grep" subj=unconfined key="exec"ARCH=x86_64 SYSCALL=execve AUID="ubuntu" UID="root" GID="root" EUID="root" SUID="root" FSUID="root" EGID="root" SGID="root" FSGID="root"
type=SYSCALL msg=audit(1790084751.788:67762): arch=c000003e syscall=59 success=yes exit=0 a0=649ef2d0f798 a1=649ef2d0f580 a2=649ef2d0f5c8 a3=1b6 items=2 ppid=51533 pid=51535 auid=1000 uid=0 gid=0 euid=0 suid=0 fsuid=0 egid=0 sgid=0 fsgid=0 tty=(none) ses=741 comm="find" exe="/usr/bin/find" subj=unconfined key="exec"ARCH=x86_64 SYSCALL=execve AUID="ubuntu" UID="root" GID="root" EUID="root" SUID="root" FSUID="root" EGID="root" SGID="root" FSGID="root"
type=EXECVE msg=audit(1790084751.788:67762): argc=4 a0="find" a1="/var/lib/update-notifier/updates-available" a2="-newermt" a3=6E6F772D372064617973
type=EXECVE msg=audit(1790084751.789:67761): argc=5 a0="grep" a1="-q" a2="-m" a3="1" a4="."
type=CWD msg=audit(1790084751.788:67762): cwd="/"
type=CWD msg=audit(1790084751.789:67761): cwd="/"
type=PATH msg=audit(1790084751.788:67762): item=0 name="/usr/bin/find" inode=1625 dev=103:01 mode=0100755 ouid=0 ogid=0 rdev=00:00 nametype=NORMAL cap_fp=0 cap_fi=0 cap_fe=0 cap_fver=0 cap_frootid=0OUID="root" OGID="root"
type=PATH msg=audit(1790084751.789:67761): item=0 name="/usr/bin/grep" inode=1629 dev=103:01 mode=0100755 ouid=0 ogid=0 rdev=00:00 nametype=NORMAL cap_fp=0 cap_fi=0 cap_fe=0 cap_fver=0 cap_frootid=0OUID="root" OGID="root"
type=PATH msg=audit(1790084751.788:67762): item=1 name="/lib64/ld-linux-x86-64.so.2" inode=3615 dev=103:01 mode=0100755 ouid=0 ogid=0 rdev=00:00 nametype=NORMAL cap_fp=0 cap_fi=0 cap_fe=0 cap_fver=0 cap_frootid=0OUID="root" OGID="root"
type=PATH msg=audit(1790084751.789:67761): item=1 name="/lib64/ld-linux-x86-64.so.2" inode=3615 dev=103:01 mode=0100755 ouid=0 ogid=0 rdev=00:00 nametype=NORMAL cap_fp=0 cap_fi=0 cap_fe=0 cap_fver=0 cap_frootid=0OUID="root" OGID="root"
type=PROCTITLE msg=audit(1790084751.788:67762): proctitle=66696E64002F7661722F6C69622F7570646174652D6E6F7469666965722F757064617465732D617661696C61626C65002D6E657765726D74006E6F772D372064617973
type=PROCTITLE msg=audit(1790084751.789:67761): proctitle=67726570002D71002D6D0031002E
type=SYSCALL msg=audit(1790084751.791:67763): arch=c000003e syscall=59 success=yes exit=0 a0=5eded21bcdb0 a1=5eded21b82a0 a2=7ffd7de49338 a3=8 items=3 ppid=51519 pid=51537 auid=1000 uid=0 gid=0 euid=0 suid=0 fsuid=0 egid=0 sgid=0 fsgid=0 tty=(none) ses=741 comm="91-contract-ua-" exe="/usr/bin/dash" subj=unconfined key="exec"ARCH=x86_64 SYSCALL=execve AUID="ubuntu" UID="root" GID="root" EUID="root" SUID="root" FSUID="root" EGID="root" SGID="root" FSGID="root"
type=EXECVE msg=audit(1790084751.791:67763): argc=2 a0="/bin/sh" a1="/etc/update-motd.d/91-contract-ua-esm-status"
type=CWD msg=audit(1790084751.791:67763): cwd="/"
type=PATH msg=audit(1790084751.791:67763): item=0 name="/etc/update-motd.d/91-contract-ua-esm-status" inode=93 dev=103:01 mode=0100755 ouid=0 ogid=0 rdev=00:00 nametype=NORMAL cap_fp=0 cap_fi=0 cap_fe=0 cap_fver=0 cap_frootid=0OUID="root" OGID="root"
type=PATH msg=audit(1790084751.791:67763): item=1 name="/bin/sh" inode=1547 dev=103:01 mode=0100755 ouid=0 ogid=0 rdev=00:00 nametype=NORMAL cap_fp=0 cap_fi=0 cap_fe=0 cap_fver=0 cap_frootid=0OUID="root" OGID="root"
type=PATH msg=audit(1790084751.791:67763): item=2 name="/lib64/ld-linux-x86-64.so.2" inode=3615 dev=103:01 mode=0100755 ouid=0 ogid=0 rdev=00:00 nametype=NORMAL cap_fp=0 cap_fi=0 cap_fe=0 cap_fver=0 cap_frootid=0OUID="root" OGID="root"
type=PROCTITLE msg=audit(1790084751.791:67763): proctitle=2F62696E2F7368002F6574632F7570646174652D6D6F74642E642F39312D636F6E74726163742D75612D65736D2D737461747573
type=SYSCALL msg=audit(1790084751.792:67764): arch=c000003e syscall=59 success=yes exit=0 a0=5eded21bcdb0 a1=5eded21b82a0 a2=7ffd7de49338 a3=8 items=3 ppid=51519 pid=51538 auid=1000 uid=0 gid=0 euid=0 suid=0 fsuid=0 egid=0 sgid=0 fsgid=0 tty=(none) ses=741 comm="91-release-upgr" exe="/usr/bin/dash" subj=unconfined key="exec"ARCH=x86_64 SYSCALL=execve AUID="ubuntu" UID="root" GID="root" EUID="root" SUID="root" FSUID="root" EGID="root" SGID="root" FSGID="root"
type=EXECVE msg=audit(1790084751.792:67764): argc=2 a0="/bin/sh" a1="/etc/update-motd.d/91-release-upgrade"
type=CWD msg=audit(1790084751.792:67764): cwd="/"
type=PATH msg=audit(1790084751.792:67764): item=0 name="/etc/update-motd.d/91-release-upgrade" inode=95 dev=103:01 mode=0100755 ouid=0 ogid=0 rdev=00:00 nametype=NORMAL cap_fp=0 cap_fi=0 cap_fe=0 cap_fver=0 cap_frootid=0OUID="root" OGID="root"
type=PATH msg=audit(1790084751.792:67764): item=1 name="/bin/sh" inode=1547 dev=103:01 mode=0100755 ouid=0 ogid=0 rdev=00:00 nametype=NORMAL cap_fp=0 cap_fi=0 cap_fe=0 cap_fver=0 cap_frootid=0OUID="root" OGID="root"
type=PATH msg=audit(1790084751.792:67764): item=2 name="/lib64/ld-linux-x86-64.so.2" inode=3615 dev=103:01 mode=0100755 ouid=0 ogid=0 rdev=00:00 nametype=NORMAL cap_fp=0 cap_fi=0 cap_fe=0 cap_fver=0 cap_frootid=0OUID="root" OGID="root"
type=PROCTITLE msg=audit(1790084751.792:67764): proctitle=2F62696E2F7368002F6574632F7570646174652D6D6F74642E642F39312D72656C656173652D75706772616465
type=SYSCALL msg=audit(1790084751.794:67765): arch=c000003e syscall=59 success=yes exit=0 a0=5f0262c55558 a1=5f0262c55520 a2=5f0262c55540 a3=4 items=2 ppid=51539 pid=51541 auid=1000 uid=0 gid=0 euid=0 suid=0 fsuid=0 egid=0 sgid=0 fsgid=0 tty=(none) ses=741 comm="cut" exe="/usr/bin/cut" subj=unconfined key="exec"ARCH=x86_64 SYSCALL=execve AUID="ubuntu" UID="root" GID="root" EUID="root" SUID="root" FSUID="root" EGID="root" SGID="root" FSGID="root"
type=EXECVE msg=audit(1790084751.794:67765): argc=3 a0="cut" a1=2D6420 a2="-f4"
type=CWD msg=audit(1790084751.794:67765): cwd="/"
type=PATH msg=audit(1790084751.794:67765): item=0 name="/usr/bin/cut" inode=18798 dev=103:01 mode=0100755 ouid=0 ogid=0 rdev=00:00 nametype=NORMAL cap_fp=0 cap_fi=0 cap_fe=0 cap_fver=0 cap_frootid=0OUID="root" OGID="root"
type=PATH msg=audit(1790084751.794:67765): item=1 name="/lib64/ld-linux-x86-64.so.2" inode=3615 dev=103:01 mode=0100755 ouid=0 ogid=0 rdev=00:00 nametype=NORMAL cap_fp=0 cap_fi=0 cap_fe=0 cap_fver=0 cap_frootid=0OUID="root" OGID="root"
type=PROCTITLE msg=audit(1790084751.794:67765): proctitle=637574002D6420002D6634
type=SYSCALL msg=audit(1790084751.795:67766): arch=c000003e syscall=59 success=yes exit=0 a0=5f0262c55440 a1=5f0262c55410 a2=5f0262c55428 a3=5f0262c57660 items=2 ppid=51538 pid=51542 auid=1000 uid=0 gid=0 euid=0 suid=0 fsuid=0 egid=0 sgid=0 fsgid=0 tty=(none) ses=741 comm="id" exe="/usr/bin/id" subj=unconfined key="exec"ARCH=x86_64 SYSCALL=execve AUID="ubuntu" UID="root" GID="root" EUID="root" SUID="root" FSUID="root" EGID="root" SGID="root" FSGID="root"
type=EXECVE msg=audit(1790084751.795:67766): argc=2 a0="id" a1="-u"
type=CWD msg=audit(1790084751.795:67766): cwd="/"
type=PATH msg=audit(1790084751.795:67766): item=0 name="/usr/bin/id" inode=19645 dev=103:01 mode=0100755 ouid=0 ogid=0 rdev=00:00 nametype=NORMAL cap_fp=0 cap_fi=0 cap_fe=0 cap_fver=0 cap_frootid=0OUID="root" OGID="root"
type=PATH msg=audit(1790084751.795:67766): item=1 name="/lib64/ld-linux-x86-64.so.2" inode=3615 dev=103:01 mode=0100755 ouid=0 ogid=0 rdev=00:00 nametype=NORMAL cap_fp=0 cap_fi=0 cap_fe=0 cap_fver=0 cap_frootid=0OUID="root" OGID="root"
type=PROCTITLE msg=audit(1790084751.795:67766): proctitle=6964002D75
type=SYSCALL msg=audit(1790084751.796:67767): arch=c000003e syscall=59 success=yes exit=0 a0=5f0262c55398 a1=5f0262c553f0 a2=5f0262c55400 a3=36 items=3 ppid=51519 pid=51538 auid=1000 uid=0 gid=0 euid=0 suid=0 fsuid=0 egid=0 sgid=0 fsgid=0 tty=(none) ses=741 comm="release-upgrade" exe="/usr/bin/dash" subj=unconfined key="exec"ARCH=x86_64 SYSCALL=execve AUID="ubuntu" UID="root" GID="root" EUID="root" SUID="root" FSUID="root" EGID="root" SGID="root" FSGID="root"
type=EXECVE msg=audit(1790084751.796:67767): argc=3 a0="/bin/sh" a1="-e" a2="/usr/lib/ubuntu-release-upgrader/release-upgrade-motd"
type=CWD msg=audit(1790084751.796:67767): cwd="/"
type=PATH msg=audit(1790084751.796:67767): item=0 name="/usr/lib/ubuntu-release-upgrader/release-upgrade-motd" inode=35136 dev=103:01 mode=0100755 ouid=0 ogid=0 rdev=00:00 nametype=NORMAL cap_fp=0 cap_fi=0 cap_fe=0 cap_fver=0 cap_frootid=0OUID="root" OGID="root"
type=PATH msg=audit(1790084751.796:67767): item=1 name="/bin/sh" inode=1547 dev=103:01 mode=0100755 ouid=0 ogid=0 rdev=00:00 nametype=NORMAL cap_fp=0 cap_fi=0 cap_fe=0 cap_fver=0 cap_frootid=0OUID="root" OGID="root"
type=PATH msg=audit(1790084751.796:67767): item=2 name="/lib64/ld-linux-x86-64.so.2" inode=3615 dev=103:01 mode=0100755 ouid=0 ogid=0 rdev=00:00 nametype=NORMAL cap_fp=0 cap_fi=0 cap_fe=0 cap_fver=0 cap_frootid=0OUID="root" OGID="root"
type=PROCTITLE msg=audit(1790084751.796:67767): proctitle=2F62696E2F7368002F6574632F7570646174652D6D6F74642E642F39312D72656C656173652D75706772616465
type=SYSCALL msg=audit(1790084751.797:67768): arch=c000003e syscall=59 success=yes exit=0 a0=633dae6d9f68 a1=633dae6d9f38 a2=633dae6d9f50 a3=0 items=2 ppid=51538 pid=51543 auid=1000 uid=0 gid=0 euid=0 suid=0 fsuid=0 egid=0 sgid=0 fsgid=0 tty=(none) ses=741 comm="date" exe="/usr/bin/date" subj=unconfined key="exec"ARCH=x86_64 SYSCALL=execve AUID="ubuntu" UID="root" GID="root" EUID="root" SUID="root" FSUID="root" EGID="root" SGID="root" FSGID="root"
type=EXECVE msg=audit(1790084751.797:67768): argc=2 a0="date" a1="+%s"
type=CWD msg=audit(1790084751.797:67768): cwd="/"
type=PATH msg=audit(1790084751.797:67768): item=0 name="/usr/bin/date" inode=17715 dev=103:01 mode=0100755 ouid=0 ogid=0 rdev=00:00 nametype=NORMAL cap_fp=0 cap_fi=0 cap_fe=0 cap_fver=0 cap_frootid=0OUID="root" OGID="root"
type=PATH msg=audit(1790084751.797:67768): item=1 name="/lib64/ld-linux-x86-64.so.2" inode=3615 dev=103:01 mode=0100755 ouid=0 ogid=0 rdev=00:00 nametype=NORMAL cap_fp=0 cap_fi=0 cap_fe=0 cap_fver=0 cap_frootid=0OUID="root" OGID="root"
type=PROCTITLE msg=audit(1790084751.797:67768): proctitle=64617465002B2573
type=SYSCALL msg=audit(1790084751.798:67769): arch=c000003e syscall=59 success=yes exit=0 a0=633dae6da008 a1=633dae6d9fc8 a2=633dae6d9ff0 a3=0 items=2 ppid=51538 pid=51544 auid=1000 uid=0 gid=0 euid=0 suid=0 fsuid=0 egid=0 sgid=0 fsgid=0 tty=(none) ses=741 comm="stat" exe="/usr/bin/stat" subj=unconfined key="exec"ARCH=x86_64 SYSCALL=execve AUID="ubuntu" UID="root" GID="root" EUID="root" SUID="root" FSUID="root" EGID="root" SGID="root" FSGID="root"
type=EXECVE msg=audit(1790084751.798:67769): argc=4 a0="stat" a1="-c" a2="%Y" a3="/var/lib/ubuntu-release-upgrader/release-upgrade-available"
type=CWD msg=audit(1790084751.798:67769): cwd="/"
type=PATH msg=audit(1790084751.798:67769): item=0 name="/usr/bin/stat" inode=21965 dev=103:01 mode=0100755 ouid=0 ogid=0 rdev=00:00 nametype=NORMAL cap_fp=0 cap_fi=0 cap_fe=0 cap_fver=0 cap_frootid=0OUID="root" OGID="root"
type=PATH msg=audit(1790084751.798:67769): item=1 name="/lib64/ld-linux-x86-64.so.2" inode=3615 dev=103:01 mode=0100755 ouid=0 ogid=0 rdev=00:00 nametype=NORMAL cap_fp=0 cap_fi=0 cap_fe=0 cap_fver=0 cap_frootid=0OUID="root" OGID="root"
type=PROCTITLE msg=audit(1790084751.798:67769): proctitle=73746174002D63002559002F7661722F6C69622F7562756E74752D72656C656173652D75706772616465722F72656C656173652D757067726164652D617661696C61626C65
type=SYSCALL msg=audit(1790084751.799:67770): arch=c000003e syscall=59 success=yes exit=0 a0=633dae6d9fb8 a1=633dae6d9f78 a2=633dae6d9fa0 a3=0 items=2 ppid=51538 pid=51545 auid=1000 uid=0 gid=0 euid=0 suid=0 fsuid=0 egid=0 sgid=0 fsgid=0 tty=(none) ses=741 comm="expr" exe="/usr/bin/expr" subj=unconfined key="exec"ARCH=x86_64 SYSCALL=execve AUID="ubuntu" UID="root" GID="root" EUID="root" SUID="root" FSUID="root" EGID="root" SGID="root" FSGID="root"
type=EXECVE msg=audit(1790084751.799:67770): argc=4 a0="expr" a1="1790011020" a2="+" a3="86400"
type=CWD msg=audit(1790084751.799:67770): cwd="/"
type=PATH msg=audit(1790084751.799:67770): item=0 name="/usr/bin/expr" inode=18833 dev=103:01 mode=0100755 ouid=0 ogid=0 rdev=00:00 nametype=NORMAL cap_fp=0 cap_fi=0 cap_fe=0 cap_fver=0 cap_frootid=0OUID="root" OGID="root"
type=PATH msg=audit(1790084751.799:67770): item=1 name="/lib64/ld-linux-x86-64.so.2" inode=3615 dev=103:01 mode=0100755 ouid=0 ogid=0 rdev=00:00 nametype=NORMAL cap_fp=0 cap_fi=0 cap_fe=0 cap_fver=0 cap_frootid=0OUID="root" OGID="root"
type=PROCTITLE msg=audit(1790084751.799:67770): proctitle=657870720031373930303131303230002B003836343030
type=SYSCALL msg=audit(1790084751.800:67771): arch=c000003e syscall=59 success=yes exit=0 a0=633dae6d9f90 a1=633dae6d9f60 a2=633dae6d9f78 a3=8 items=2 ppid=51538 pid=51546 auid=1000 uid=0 gid=0 euid=0 suid=0 fsuid=0 egid=0 sgid=0 fsgid=0 tty=(none) ses=741 comm="cat" exe="/usr/bin/cat" subj=unconfined key="exec"ARCH=x86_64 SYSCALL=execve AUID="ubuntu" UID="root" GID="root" EUID="root" SUID="root" FSUID="root" EGID="root" SGID="root" FSGID="root"
type=EXECVE msg=audit(1790084751.800:67771): argc=2 a0="cat" a1="/var/lib/ubuntu-release-upgrader/release-upgrade-available"
type=CWD msg=audit(1790084751.800:67771): cwd="/"
type=PATH msg=audit(1790084751.800:67771): item=0 name="/usr/bin/cat" inode=3931 dev=103:01 mode=0100755 ouid=0 ogid=0 rdev=00:00 nametype=NORMAL cap_fp=0 cap_fi=0 cap_fe=0 cap_fver=0 cap_frootid=0OUID="root" OGID="root"
type=PATH msg=audit(1790084751.800:67771): item=1 name="/lib64/ld-linux-x86-64.so.2" inode=3615 dev=103:01 mode=0100755 ouid=0 ogid=0 rdev=00:00 nametype=NORMAL cap_fp=0 cap_fi=0 cap_fe=0 cap_fver=0 cap_frootid=0OUID="root" OGID="root"
type=PROCTITLE msg=audit(1790084751.800:67771): proctitle=636174002F7661722F6C69622F7562756E74752D72656C656173652D75706772616465722F72656C656173652D757067726164652D617661696C61626C65
type=SYSCALL msg=audit(1790084751.801:67772): arch=c000003e syscall=59 success=yes exit=0 a0=5eded21bcdb0 a1=5eded21b82a0 a2=7ffd7de49338 a3=8 items=3 ppid=51519 pid=51547 auid=1000 uid=0 gid=0 euid=0 suid=0 fsuid=0 egid=0 sgid=0 fsgid=0 tty=(none) ses=741 comm="92-unattended-u" exe="/usr/bin/dash" subj=unconfined key="exec"ARCH=x86_64 SYSCALL=execve AUID="ubuntu" UID="root" GID="root" EUID="root" SUID="root" FSUID="root" EGID="root" SGID="root" FSGID="root"
type=EXECVE msg=audit(1790084751.801:67772): argc=2 a0="/bin/sh" a1="/etc/update-motd.d/92-unattended-upgrades"
type=CWD msg=audit(1790084751.801:67772): cwd="/"
type=PATH msg=audit(1790084751.801:67772): item=0 name="/etc/update-motd.d/92-unattended-upgrades" inode=101 dev=103:01 mode=0100755 ouid=0 ogid=0 rdev=00:00 nametype=NORMAL cap_fp=0 cap_fi=0 cap_fe=0 cap_fver=0 cap_frootid=0OUID="root" OGID="root"
type=PATH msg=audit(1790084751.801:67772): item=1 name="/bin/sh" inode=1547 dev=103:01 mode=0100755 ouid=0 ogid=0 rdev=00:00 nametype=NORMAL cap_fp=0 cap_fi=0 cap_fe=0 cap_fver=0 cap_frootid=0OUID="root" OGID="root"
type=PATH msg=audit(1790084751.801:67772): item=2 name="/lib64/ld-linux-x86-64.so.2" inode=3615 dev=103:01 mode=0100755 ouid=0 ogid=0 rdev=00:00 nametype=NORMAL cap_fp=0 cap_fi=0 cap_fe=0 cap_fver=0 cap_frootid=0OUID="root" OGID="root"
type=PROCTITLE msg=audit(1790084751.801:67772): proctitle=2F62696E2F7368002F6574632F7570646174652D6D6F74642E642F39322D756E617474656E6465642D7570677261646573
type=SYSCALL msg=audit(1790084751.802:67773): arch=c000003e syscall=59 success=yes exit=0 a0=55a6860a3378 a1=55a6860a33d8 a2=55a6860a33e8 a3=3f items=3 ppid=51519 pid=51547 auid=1000 uid=0 gid=0 euid=0 suid=0 fsuid=0 egid=0 sgid=0 fsgid=0 tty=(none) ses=741 comm="update-motd-una" exe="/usr/bin/dash" subj=unconfined key="exec"ARCH=x86_64 SYSCALL=execve AUID="ubuntu" UID="root" GID="root" EUID="root" SUID="root" FSUID="root" EGID="root" SGID="root" FSGID="root"
type=EXECVE msg=audit(1790084751.802:67773): argc=2 a0="/bin/sh" a1="/usr/share/unattended-upgrades/update-motd-unattended-upgrades"
type=CWD msg=audit(1790084751.802:67773): cwd="/"
type=PATH msg=audit(1790084751.802:67773): item=0 name="/usr/share/unattended-upgrades/update-motd-unattended-upgrades" inode=41493 dev=103:01 mode=0100755 ouid=0 ogid=0 rdev=00:00 nametype=NORMAL cap_fp=0 cap_fi=0 cap_fe=0 cap_fver=0 cap_frootid=0OUID="root" OGID="root"
type=PATH msg=audit(1790084751.802:67773): item=1 name="/bin/sh" inode=1547 dev=103:01 mode=0100755 ouid=0 ogid=0 rdev=00:00 nametype=NORMAL cap_fp=0 cap_fi=0 cap_fe=0 cap_fver=0 cap_frootid=0OUID="root" OGID="root"
type=PATH msg=audit(1790084751.802:67773): item=2 name="/lib64/ld-linux-x86-64.so.2" inode=3615 dev=103:01 mode=0100755 ouid=0 ogid=0 rdev=00:00 nametype=NORMAL cap_fp=0 cap_fi=0 cap_fe=0 cap_fver=0 cap_frootid=0OUID="root" OGID="root"
type=PROCTITLE msg=audit(1790084751.802:67773): proctitle=2F62696E2F7368002F6574632F7570646174652D6D6F74642E642F39322D756E617474656E6465642D7570677261646573
type=SYSCALL msg=audit(1790084751.803:67774): arch=c000003e syscall=59 success=yes exit=0 a0=5eded21bcdb0 a1=5eded21b82a0 a2=7ffd7de49338 a3=8 items=3 ppid=51519 pid=51548 auid=1000 uid=0 gid=0 euid=0 suid=0 fsuid=0 egid=0 sgid=0 fsgid=0 tty=(none) ses=741 comm="95-hwe-eol" exe="/usr/bin/dash" subj=unconfined key="exec"ARCH=x86_64 SYSCALL=execve AUID="ubuntu" UID="root" GID="root" EUID="root" SUID="root" FSUID="root" EGID="root" SGID="root" FSGID="root"
type=EXECVE msg=audit(1790084751.803:67774): argc=2 a0="/bin/sh" a1="/etc/update-motd.d/95-hwe-eol"
type=CWD msg=audit(1790084751.803:67774): cwd="/"
type=PATH msg=audit(1790084751.803:67774): item=0 name="/etc/update-motd.d/95-hwe-eol" inode=97 dev=103:01 mode=0100755 ouid=0 ogid=0 rdev=00:00 nametype=NORMAL cap_fp=0 cap_fi=0 cap_fe=0 cap_fver=0 cap_frootid=0OUID="root" OGID="root"
type=PATH msg=audit(1790084751.803:67774): item=1 name="/bin/sh" inode=1547 dev=103:01 mode=0100755 ouid=0 ogid=0 rdev=00:00 nametype=NORMAL cap_fp=0 cap_fi=0 cap_fe=0 cap_fver=0 cap_frootid=0OUID="root" OGID="root"
type=PATH msg=audit(1790084751.803:67774): item=2 name="/lib64/ld-linux-x86-64.so.2" inode=3615 dev=103:01 mode=0100755 ouid=0 ogid=0 rdev=00:00 nametype=NORMAL cap_fp=0 cap_fi=0 cap_fe=0 cap_fver=0 cap_frootid=0OUID="root" OGID="root"
type=PROCTITLE msg=audit(1790084751.803:67774): proctitle=2F62696E2F7368002F6574632F7570646174652D6D6F74642E642F39352D6877652D656F6C
type=SYSCALL msg=audit(1790084751.804:67775): arch=c000003e syscall=59 success=yes exit=0 a0=61de920d3618 a1=61de920d35b8 a2=61de920d3600 a3=0 items=2 ppid=51548 pid=51549 auid=1000 uid=0 gid=0 euid=0 suid=0 fsuid=0 egid=0 sgid=0 fsgid=0 tty=(none) ses=741 comm="find" exe="/usr/bin/find" subj=unconfined key="exec"ARCH=x86_64 SYSCALL=execve AUID="ubuntu" UID="root" GID="root" EUID="root" SUID="root" FSUID="root" EGID="root" SGID="root" FSGID="root"
type=EXECVE msg=audit(1790084751.804:67775): argc=4 a0="find" a1="/var/lib/update-notifier/hwe-eol" a2="-newermt" a3=6E6F772D312064617973
type=CWD msg=audit(1790084751.804:67775): cwd="/"
type=PATH msg=audit(1790084751.804:67775): item=0 name="/usr/bin/find" inode=1625 dev=103:01 mode=0100755 ouid=0 ogid=0 rdev=00:00 nametype=NORMAL cap_fp=0 cap_fi=0 cap_fe=0 cap_fver=0 cap_frootid=0OUID="root" OGID="root"
type=PATH msg=audit(1790084751.804:67775): item=1 name="/lib64/ld-linux-x86-64.so.2" inode=3615 dev=103:01 mode=0100755 ouid=0 ogid=0 rdev=00:00 nametype=NORMAL cap_fp=0 cap_fi=0 cap_fe=0 cap_fver=0 cap_frootid=0OUID="root" OGID="root"
type=PROCTITLE msg=audit(1790084751.804:67775): proctitle=66696E64002F7661722F6C69622F7570646174652D6E6F7469666965722F6877652D656F6C002D6E657765726D74006E6F772D312064617973
type=SYSCALL msg=audit(1790084751.806:67776): arch=c000003e syscall=59 success=yes exit=0 a0=5eded21bcdb0 a1=5eded21b82a0 a2=7ffd7de49338 a3=8 items=3 ppid=51519 pid=51550 auid=1000 uid=0 gid=0 euid=0 suid=0 fsuid=0 egid=0 sgid=0 fsgid=0 tty=(none) ses=741 comm="97-overlayroot" exe="/usr/bin/dash" subj=unconfined key="exec"ARCH=x86_64 SYSCALL=execve AUID="ubuntu" UID="root" GID="root" EUID="root" SUID="root" FSUID="root" EGID="root" SGID="root" FSGID="root"
type=EXECVE msg=audit(1790084751.806:67776): argc=2 a0="/bin/sh" a1="/etc/update-motd.d/97-overlayroot"
type=CWD msg=audit(1790084751.806:67776): cwd="/"
type=PATH msg=audit(1790084751.806:67776): item=0 name="/etc/update-motd.d/97-overlayroot" inode=100 dev=103:01 mode=0100755 ouid=0 ogid=0 rdev=00:00 nametype=NORMAL cap_fp=0 cap_fi=0 cap_fe=0 cap_fver=0 cap_frootid=0OUID="root" OGID="root"
type=PATH msg=audit(1790084751.806:67776): item=1 name="/bin/sh" inode=1547 dev=103:01 mode=0100755 ouid=0 ogid=0 rdev=00:00 nametype=NORMAL cap_fp=0 cap_fi=0 cap_fe=0 cap_fver=0 cap_frootid=0OUID="root" OGID="root"
type=PATH msg=audit(1790084751.806:67776): item=2 name="/lib64/ld-linux-x86-64.so.2" inode=3615 dev=103:01 mode=0100755 ouid=0 ogid=0 rdev=00:00 nametype=NORMAL cap_fp=0 cap_fi=0 cap_fe=0 cap_fver=0 cap_frootid=0OUID="root" OGID="root"
type=PROCTITLE msg=audit(1790084751.806:67776): proctitle=2F62696E2F7368002F6574632F7570646174652D6D6F74642E642F39372D6F7665726C6179726F6F74
type=SYSCALL msg=audit(1790084751.807:67777): arch=c000003e syscall=59 success=yes exit=0 a0=5d1fef45a480 a1=5d1fef45a428 a2=5d1fef45a468 a3=1b6 items=3 ppid=51551 pid=51552 auid=1000 uid=0 gid=0 euid=0 suid=0 fsuid=0 egid=0 sgid=0 fsgid=0 tty=(none) ses=741 comm="egrep" exe="/usr/bin/dash" subj=unconfined key="exec"ARCH=x86_64 SYSCALL=execve AUID="ubuntu" UID="root" GID="root" EUID="root" SUID="root" FSUID="root" EGID="root" SGID="root" FSGID="root"
type=SYSCALL msg=audit(1790084751.807:67778): arch=c000003e syscall=59 success=yes exit=0 a0=5d1fef45a408 a1=5d1fef45a3d8 a2=5d1fef45a3f0 a3=3 items=2 ppid=51551 pid=51553 auid=1000 uid=0 gid=0 euid=0 suid=0 fsuid=0 egid=0 sgid=0 fsgid=0 tty=(none) ses=741 comm="sort" exe="/usr/bin/sort" subj=unconfined key="exec"ARCH=x86_64 SYSCALL=execve AUID="ubuntu" UID="root" GID="root" EUID="root" SUID="root" FSUID="root" EGID="root" SGID="root" FSGID="root"
type=EXECVE msg=audit(1790084751.807:67777): argc=4 a0="/bin/sh" a1="/usr/bin/egrep" a2="overlayroot|/media/root-ro|/media/root-rw" a3="/proc/mounts"
type=CWD msg=audit(1790084751.807:67777): cwd="/"
type=PATH msg=audit(1790084751.807:67777): item=0 name="/usr/bin/egrep" inode=1627 dev=103:01 mode=0100755 ouid=0 ogid=0 rdev=00:00 nametype=NORMAL cap_fp=0 cap_fi=0 cap_fe=0 cap_fver=0 cap_frootid=0OUID="root" OGID="root"
type=EXECVE msg=audit(1790084751.807:67778): argc=2 a0="sort" a1="-r"
type=PATH msg=audit(1790084751.807:67777): item=1 name="/bin/sh" inode=1547 dev=103:01 mode=0100755 ouid=0 ogid=0 rdev=00:00 nametype=NORMAL cap_fp=0 cap_fi=0 cap_fe=0 cap_fver=0 cap_frootid=0OUID="root" OGID="root"
type=CWD msg=audit(1790084751.807:67778): cwd="/"
type=PATH msg=audit(1790084751.807:67777): item=2 name="/lib64/ld-linux-x86-64.so.2" inode=3615 dev=103:01 mode=0100755 ouid=0 ogid=0 rdev=00:00 nametype=NORMAL cap_fp=0 cap_fi=0 cap_fe=0 cap_fver=0 cap_frootid=0OUID="root" OGID="root"
type=PATH msg=audit(1790084751.807:67778): item=0 name="/usr/bin/sort" inode=21963 dev=103:01 mode=0100755 ouid=0 ogid=0 rdev=00:00 nametype=NORMAL cap_fp=0 cap_fi=0 cap_fe=0 cap_fver=0 cap_frootid=0OUID="root" OGID="root"
type=PROCTITLE msg=audit(1790084751.807:67777): proctitle=2F62696E2F7368002F7573722F62696E2F6567726570006F7665726C6179726F6F747C2F6D656469612F726F6F742D726F7C2F6D656469612F726F6F742D7277002F70726F632F6D6F756E7473
type=PATH msg=audit(1790084751.807:67778): item=1 name="/lib64/ld-linux-x86-64.so.2" inode=3615 dev=103:01 mode=0100755 ouid=0 ogid=0 rdev=00:00 nametype=NORMAL cap_fp=0 cap_fi=0 cap_fe=0 cap_fver=0 cap_frootid=0OUID="root" OGID="root"
type=PROCTITLE msg=audit(1790084751.807:67778): proctitle=736F7274002D72
type=SYSCALL msg=audit(1790084751.808:67779): arch=c000003e syscall=59 success=no exit=-2 a0=623791929820 a1=6237919297e0 a2=623791929808 a3=1 items=1 ppid=51551 pid=51552 auid=1000 uid=0 gid=0 euid=0 suid=0 fsuid=0 egid=0 sgid=0 fsgid=0 tty=(none) ses=741 comm="egrep" exe="/usr/bin/dash" subj=unconfined key="exec"ARCH=x86_64 SYSCALL=execve AUID="ubuntu" UID="root" GID="root" EUID="root" SUID="root" FSUID="root" EGID="root" SGID="root" FSGID="root"
type=CWD msg=audit(1790084751.808:67779): cwd="/"
type=PATH msg=audit(1790084751.808:67779): item=0 name="/usr/local/sbin/grep" nametype=UNKNOWN cap_fp=0 cap_fi=0 cap_fe=0 cap_fver=0 cap_frootid=0
type=PROCTITLE msg=audit(1790084751.808:67779): proctitle=2F62696E2F7368002F7573722F62696E2F6567726570006F7665726C6179726F6F747C2F6D656469612F726F6F742D726F7C2F6D656469612F726F6F742D7277002F70726F632F6D6F756E7473
type=SYSCALL msg=audit(1790084751.808:67780): arch=c000003e syscall=59 success=no exit=-2 a0=623791929820 a1=6237919297e0 a2=623791929808 a3=1 items=1 ppid=51551 pid=51552 auid=1000 uid=0 gid=0 euid=0 suid=0 fsuid=0 egid=0 sgid=0 fsgid=0 tty=(none) ses=741 comm="egrep" exe="/usr/bin/dash" subj=unconfined key="exec"ARCH=x86_64 SYSCALL=execve AUID="ubuntu" UID="root" GID="root" EUID="root" SUID="root" FSUID="root" EGID="root" SGID="root" FSGID="root"
type=CWD msg=audit(1790084751.808:67780): cwd="/"
type=PATH msg=audit(1790084751.808:67780): item=0 name="/usr/local/bin/grep" nametype=UNKNOWN cap_fp=0 cap_fi=0 cap_fe=0 cap_fver=0 cap_frootid=0
type=PROCTITLE msg=audit(1790084751.808:67780): proctitle=2F62696E2F7368002F7573722F62696E2F6567726570006F7665726C6179726F6F747C2F6D656469612F726F6F742D726F7C2F6D656469612F726F6F742D7277002F70726F632F6D6F756E7473
type=SYSCALL msg=audit(1790084751.808:67781): arch=c000003e syscall=59 success=no exit=-2 a0=623791929820 a1=6237919297e0 a2=623791929808 a3=1 items=1 ppid=51551 pid=51552 auid=1000 uid=0 gid=0 euid=0 suid=0 fsuid=0 egid=0 sgid=0 fsgid=0 tty=(none) ses=741 comm="egrep" exe="/usr/bin/dash" subj=unconfined key="exec"ARCH=x86_64 SYSCALL=execve AUID="ubuntu" UID="root" GID="root" EUID="root" SUID="root" FSUID="root" EGID="root" SGID="root" FSGID="root"
type=CWD msg=audit(1790084751.808:67781): cwd="/"
type=PATH msg=audit(1790084751.808:67781): item=0 name="/usr/sbin/grep" nametype=UNKNOWN cap_fp=0 cap_fi=0 cap_fe=0 cap_fver=0 cap_frootid=0
type=PROCTITLE msg=audit(1790084751.808:67781): proctitle=2F62696E2F7368002F7573722F62696E2F6567726570006F7665726C6179726F6F747C2F6D656469612F726F6F742D726F7C2F6D656469612F726F6F742D7277002F70726F632F6D6F756E7473
type=SYSCALL msg=audit(1790084751.809:67782): arch=c000003e syscall=59 success=yes exit=0 a0=623791929820 a1=6237919297e0 a2=623791929808 a3=1 items=2 ppid=51551 pid=51552 auid=1000 uid=0 gid=0 euid=0 suid=0 fsuid=0 egid=0 sgid=0 fsgid=0 tty=(none) ses=741 comm="grep" exe="/usr/bin/grep" subj=unconfined key="exec"ARCH=x86_64 SYSCALL=execve AUID="ubuntu" UID="root" GID="root" EUID="root" SUID="root" FSUID="root" EGID="root" SGID="root" FSGID="root"
type=EXECVE msg=audit(1790084751.809:67782): argc=4 a0="grep" a1="-E" a2="overlayroot|/media/root-ro|/media/root-rw" a3="/proc/mounts"
type=CWD msg=audit(1790084751.809:67782): cwd="/"
type=PATH msg=audit(1790084751.809:67782): item=0 name="/usr/bin/grep" inode=1629 dev=103:01 mode=0100755 ouid=0 ogid=0 rdev=00:00 nametype=NORMAL cap_fp=0 cap_fi=0 cap_fe=0 cap_fver=0 cap_frootid=0OUID="root" OGID="root"
type=PATH msg=audit(1790084751.809:67782): item=1 name="/lib64/ld-linux-x86-64.so.2" inode=3615 dev=103:01 mode=0100755 ouid=0 ogid=0 rdev=00:00 nametype=NORMAL cap_fp=0 cap_fi=0 cap_fe=0 cap_fver=0 cap_frootid=0OUID="root" OGID="root"
type=PROCTITLE msg=audit(1790084751.809:67782): proctitle=2F62696E2F7368002F7573722F62696E2F6567726570006F7665726C6179726F6F747C2F6D656469612F726F6F742D726F7C2F6D656469612F726F6F742D7277002F70726F632F6D6F756E7473
type=SYSCALL msg=audit(1790084751.810:67783): arch=c000003e syscall=59 success=yes exit=0 a0=5eded21bcdb0 a1=5eded21b82a0 a2=7ffd7de49338 a3=8 items=3 ppid=51519 pid=51554 auid=1000 uid=0 gid=0 euid=0 suid=0 fsuid=0 egid=0 sgid=0 fsgid=0 tty=(none) ses=741 comm="98-fsck-at-rebo" exe="/usr/bin/dash" subj=unconfined key="exec"ARCH=x86_64 SYSCALL=execve AUID="ubuntu" UID="root" GID="root" EUID="root" SUID="root" FSUID="root" EGID="root" SGID="root" FSGID="root"
type=EXECVE msg=audit(1790084751.810:67783): argc=2 a0="/bin/sh" a1="/etc/update-motd.d/98-fsck-at-reboot"
type=CWD msg=audit(1790084751.810:67783): cwd="/"
type=PATH msg=audit(1790084751.810:67783): item=0 name="/etc/update-motd.d/98-fsck-at-reboot" inode=98 dev=103:01 mode=0100755 ouid=0 ogid=0 rdev=00:00 nametype=NORMAL cap_fp=0 cap_fi=0 cap_fe=0 cap_fver=0 cap_frootid=0OUID="root" OGID="root"
type=PATH msg=audit(1790084751.810:67783): item=1 name="/bin/sh" inode=1547 dev=103:01 mode=0100755 ouid=0 ogid=0 rdev=00:00 nametype=NORMAL cap_fp=0 cap_fi=0 cap_fe=0 cap_fver=0 cap_frootid=0OUID="root" OGID="root"
type=PATH msg=audit(1790084751.810:67783): item=2 name="/lib64/ld-linux-x86-64.so.2" inode=3615 dev=103:01 mode=0100755 ouid=0 ogid=0 rdev=00:00 nametype=NORMAL cap_fp=0 cap_fi=0 cap_fe=0 cap_fver=0 cap_frootid=0OUID="root" OGID="root"
type=PROCTITLE msg=audit(1790084751.810:67783): proctitle=2F62696E2F7368002F6574632F7570646174652D6D6F74642E642F39382D6673636B2D61742D7265626F6F74
type=SYSCALL msg=audit(1790084751.811:67784): arch=c000003e syscall=59 success=yes exit=0 a0=5d9c83939378 a1=5d9c839393d0 a2=5d9c839393e0 a3=34 items=3 ppid=51519 pid=51554 auid=1000 uid=0 gid=0 euid=0 suid=0 fsuid=0 egid=0 sgid=0 fsgid=0 tty=(none) ses=741 comm="update-motd-fsc" exe="/usr/bin/dash" subj=unconfined key="exec"ARCH=x86_64 SYSCALL=execve AUID="ubuntu" UID="root" GID="root" EUID="root" SUID="root" FSUID="root" EGID="root" SGID="root" FSGID="root"
type=EXECVE msg=audit(1790084751.811:67784): argc=2 a0="/bin/sh" a1="/usr/lib/update-notifier/update-motd-fsck-at-reboot"
type=CWD msg=audit(1790084751.811:67784): cwd="/"
type=PATH msg=audit(1790084751.811:67784): item=0 name="/usr/lib/update-notifier/update-motd-fsck-at-reboot" inode=15028 dev=103:01 mode=0100755 ouid=0 ogid=0 rdev=00:00 nametype=NORMAL cap_fp=0 cap_fi=0 cap_fe=0 cap_fver=0 cap_frootid=0OUID="root" OGID="root"
type=PATH msg=audit(1790084751.811:67784): item=1 name="/bin/sh" inode=1547 dev=103:01 mode=0100755 ouid=0 ogid=0 rdev=00:00 nametype=NORMAL cap_fp=0 cap_fi=0 cap_fe=0 cap_fver=0 cap_frootid=0OUID="root" OGID="root"
type=PATH msg=audit(1790084751.811:67784): item=2 name="/lib64/ld-linux-x86-64.so.2" inode=3615 dev=103:01 mode=0100755 ouid=0 ogid=0 rdev=00:00 nametype=NORMAL cap_fp=0 cap_fi=0 cap_fe=0 cap_fver=0 cap_frootid=0OUID="root" OGID="root"
type=PROCTITLE msg=audit(1790084751.811:67784): proctitle=2F62696E2F7368002F6574632F7570646174652D6D6F74642E642F39382D6673636B2D61742D7265626F6F74
type=SYSCALL msg=audit(1790084751.812:67785): arch=c000003e syscall=59 success=yes exit=0 a0=5cdad12416a0 a1=5cdad1241670 a2=5cdad1241688 a3=0 items=2 ppid=51554 pid=51555 auid=1000 uid=0 gid=0 euid=0 suid=0 fsuid=0 egid=0 sgid=0 fsgid=0 tty=(none) ses=741 comm="id" exe="/usr/bin/id" subj=unconfined key="exec"ARCH=x86_64 SYSCALL=execve AUID="ubuntu" UID="root" GID="root" EUID="root" SUID="root" FSUID="root" EGID="root" SGID="root" FSGID="root"
type=EXECVE msg=audit(1790084751.812:67785): argc=2 a0="id" a1="-u"
type=CWD msg=audit(1790084751.812:67785): cwd="/"
type=PATH msg=audit(1790084751.812:67785): item=0 name="/usr/bin/id" inode=19645 dev=103:01 mode=0100755 ouid=0 ogid=0 rdev=00:00 nametype=NORMAL cap_fp=0 cap_fi=0 cap_fe=0 cap_fver=0 cap_frootid=0OUID="root" OGID="root"
type=PATH msg=audit(1790084751.812:67785): item=1 name="/lib64/ld-linux-x86-64.so.2" inode=3615 dev=103:01 mode=0100755 ouid=0 ogid=0 rdev=00:00 nametype=NORMAL cap_fp=0 cap_fi=0 cap_fe=0 cap_fver=0 cap_frootid=0OUID="root" OGID="root"
type=PROCTITLE msg=audit(1790084751.812:67785): proctitle=6964002D75
type=SYSCALL msg=audit(1790084751.813:67786): arch=c000003e syscall=59 success=yes exit=0 a0=5cdad12414f8 a1=5cdad12414b8 a2=5cdad12414e0 a3=0 items=2 ppid=51554 pid=51556 auid=1000 uid=0 gid=0 euid=0 suid=0 fsuid=0 egid=0 sgid=0 fsgid=0 tty=(none) ses=741 comm="stat" exe="/usr/bin/stat" subj=unconfined key="exec"ARCH=x86_64 SYSCALL=execve AUID="ubuntu" UID="root" GID="root" EUID="root" SUID="root" FSUID="root" EGID="root" SGID="root" FSGID="root"
type=EXECVE msg=audit(1790084751.813:67786): argc=4 a0="stat" a1="-c" a2="%Y" a3="/var/lib/update-notifier/fsck-at-reboot"
type=CWD msg=audit(1790084751.813:67786): cwd="/"
type=PATH msg=audit(1790084751.813:67786): item=0 name="/usr/bin/stat" inode=21965 dev=103:01 mode=0100755 ouid=0 ogid=0 rdev=00:00 nametype=NORMAL cap_fp=0 cap_fi=0 cap_fe=0 cap_fver=0 cap_frootid=0OUID="root" OGID="root"
type=PATH msg=audit(1790084751.813:67786): item=1 name="/lib64/ld-linux-x86-64.so.2" inode=3615 dev=103:01 mode=0100755 ouid=0 ogid=0 rdev=00:00 nametype=NORMAL cap_fp=0 cap_fi=0 cap_fe=0 cap_fver=0 cap_frootid=0OUID="root" OGID="root"
type=PROCTITLE msg=audit(1790084751.813:67786): proctitle=73746174002D63002559002F7661722F6C69622F7570646174652D6E6F7469666965722F6673636B2D61742D7265626F6F74
type=SYSCALL msg=audit(1790084751.815:67787): arch=c000003e syscall=59 success=yes exit=0 a0=5cdad1241458 a1=5cdad1241420 a2=5cdad1241440 a3=0 items=2 ppid=51557 pid=51558 auid=1000 uid=0 gid=0 euid=0 suid=0 fsuid=0 egid=0 sgid=0 fsgid=0 tty=(none) ses=741 comm="awk" exe="/usr/bin/gawk" subj=unconfined key="exec"ARCH=x86_64 SYSCALL=execve AUID="ubuntu" UID="root" GID="root" EUID="root" SUID="root" FSUID="root" EGID="root" SGID="root" FSGID="root"
type=EXECVE msg=audit(1790084751.815:67787): argc=3 a0="awk" a1=7B7072696E742024317D a2="/proc/uptime"
type=CWD msg=audit(1790084751.815:67787): cwd="/"
type=PATH msg=audit(1790084751.815:67787): item=0 name="/usr/bin/awk" inode=2664 dev=103:01 mode=0100755 ouid=0 ogid=0 rdev=00:00 nametype=NORMAL cap_fp=0 cap_fi=0 cap_fe=0 cap_fver=0 cap_frootid=0OUID="root" OGID="root"
type=PATH msg=audit(1790084751.815:67787): item=1 name="/lib64/ld-linux-x86-64.so.2" inode=3615 dev=103:01 mode=0100755 ouid=0 ogid=0 rdev=00:00 nametype=NORMAL cap_fp=0 cap_fi=0 cap_fe=0 cap_fver=0 cap_frootid=0OUID="root" OGID="root"
type=PROCTITLE msg=audit(1790084751.815:67787): proctitle=61776B007B7072696E742024317D002F70726F632F757074696D65
type=SYSCALL msg=audit(1790084751.817:67788): arch=c000003e syscall=59 success=yes exit=0 a0=5cdad1241448 a1=5cdad1241408 a2=5cdad1241430 a3=0 items=2 ppid=51554 pid=51557 auid=1000 uid=0 gid=0 euid=0 suid=0 fsuid=0 egid=0 sgid=0 fsgid=0 tty=(none) ses=741 comm="date" exe="/usr/bin/date" subj=unconfined key="exec"ARCH=x86_64 SYSCALL=execve AUID="ubuntu" UID="root" GID="root" EUID="root" SUID="root" FSUID="root" EGID="root" SGID="root" FSGID="root"
type=EXECVE msg=audit(1790084751.817:67788): argc=4 a0="date" a1="-d" a2=6E6F77202D203731333531332E3039207365636F6E6473 a3="+%s"
type=CWD msg=audit(1790084751.817:67788): cwd="/"
type=PATH msg=audit(1790084751.817:67788): item=0 name="/usr/bin/date" inode=17715 dev=103:01 mode=0100755 ouid=0 ogid=0 rdev=00:00 nametype=NORMAL cap_fp=0 cap_fi=0 cap_fe=0 cap_fver=0 cap_frootid=0OUID="root" OGID="root"
type=PATH msg=audit(1790084751.817:67788): item=1 name="/lib64/ld-linux-x86-64.so.2" inode=3615 dev=103:01 mode=0100755 ouid=0 ogid=0 rdev=00:00 nametype=NORMAL cap_fp=0 cap_fi=0 cap_fe=0 cap_fver=0 cap_frootid=0OUID="root" OGID="root"
type=PROCTITLE msg=audit(1790084751.817:67788): proctitle=64617465002D64006E6F77202D203731333531332E3039207365636F6E6473002B2573
type=SYSCALL msg=audit(1790084751.818:67789): arch=c000003e syscall=59 success=yes exit=0 a0=5cdaacd977b0 a1=5cdaacd97780 a2=5cdaacd97798 a3=0 items=2 ppid=51554 pid=51559 auid=1000 uid=0 gid=0 euid=0 suid=0 fsuid=0 egid=0 sgid=0 fsgid=0 tty=(none) ses=741 comm="date" exe="/usr/bin/date" subj=unconfined key="exec"ARCH=x86_64 SYSCALL=execve AUID="ubuntu" UID="root" GID="root" EUID="root" SUID="root" FSUID="root" EGID="root" SGID="root" FSGID="root"
type=EXECVE msg=audit(1790084751.818:67789): argc=2 a0="date" a1="+%s"
type=CWD msg=audit(1790084751.818:67789): cwd="/"
type=PATH msg=audit(1790084751.818:67789): item=0 name="/usr/bin/date" inode=17715 dev=103:01 mode=0100755 ouid=0 ogid=0 rdev=00:00 nametype=NORMAL cap_fp=0 cap_fi=0 cap_fe=0 cap_fver=0 cap_frootid=0OUID="root" OGID="root"
type=PATH msg=audit(1790084751.818:67789): item=1 name="/lib64/ld-linux-x86-64.so.2" inode=3615 dev=103:01 mode=0100755 ouid=0 ogid=0 rdev=00:00 nametype=NORMAL cap_fp=0 cap_fi=0 cap_fe=0 cap_fver=0 cap_frootid=0OUID="root" OGID="root"
type=PROCTITLE msg=audit(1790084751.818:67789): proctitle=64617465002B2573
type=SYSCALL msg=audit(1790084751.819:67790): arch=c000003e syscall=59 success=yes exit=0 a0=5cdaacd97768 a1=5cdaacd97738 a2=5cdaacd97750 a3=8 items=2 ppid=51554 pid=51560 auid=1000 uid=0 gid=0 euid=0 suid=0 fsuid=0 egid=0 sgid=0 fsgid=0 tty=(none) ses=741 comm="cat" exe="/usr/bin/cat" subj=unconfined key="exec"ARCH=x86_64 SYSCALL=execve AUID="ubuntu" UID="root" GID="root" EUID="root" SUID="root" FSUID="root" EGID="root" SGID="root" FSGID="root"
type=EXECVE msg=audit(1790084751.819:67790): argc=2 a0="cat" a1="/var/lib/update-notifier/fsck-at-reboot"
type=CWD msg=audit(1790084751.819:67790): cwd="/"
type=PATH msg=audit(1790084751.819:67790): item=0 name="/usr/bin/cat" inode=3931 dev=103:01 mode=0100755 ouid=0 ogid=0 rdev=00:00 nametype=NORMAL cap_fp=0 cap_fi=0 cap_fe=0 cap_fver=0 cap_frootid=0OUID="root" OGID="root"
type=PATH msg=audit(1790084751.819:67790): item=1 name="/lib64/ld-linux-x86-64.so.2" inode=3615 dev=103:01 mode=0100755 ouid=0 ogid=0 rdev=00:00 nametype=NORMAL cap_fp=0 cap_fi=0 cap_fe=0 cap_fver=0 cap_frootid=0OUID="root" OGID="root"
type=PROCTITLE msg=audit(1790084751.819:67790): proctitle=636174002F7661722F6C69622F7570646174652D6E6F7469666965722F6673636B2D61742D7265626F6F74
type=SYSCALL msg=audit(1790084751.820:67791): arch=c000003e syscall=59 success=yes exit=0 a0=5eded21bcdb0 a1=5eded21b82a0 a2=7ffd7de49338 a3=8 items=3 ppid=51519 pid=51561 auid=1000 uid=0 gid=0 euid=0 suid=0 fsuid=0 egid=0 sgid=0 fsgid=0 tty=(none) ses=741 comm="98-reboot-requi" exe="/usr/bin/dash" subj=unconfined key="exec"ARCH=x86_64 SYSCALL=execve AUID="ubuntu" UID="root" GID="root" EUID="root" SUID="root" FSUID="root" EGID="root" SGID="root" FSGID="root"
type=EXECVE msg=audit(1790084751.820:67791): argc=2 a0="/bin/sh" a1="/etc/update-motd.d/98-reboot-required"
type=CWD msg=audit(1790084751.820:67791): cwd="/"
type=PATH msg=audit(1790084751.820:67791): item=0 name="/etc/update-motd.d/98-reboot-required" inode=99 dev=103:01 mode=0100755 ouid=0 ogid=0 rdev=00:00 nametype=NORMAL cap_fp=0 cap_fi=0 cap_fe=0 cap_fver=0 cap_frootid=0OUID="root" OGID="root"
type=PATH msg=audit(1790084751.820:67791): item=1 name="/bin/sh" inode=1547 dev=103:01 mode=0100755 ouid=0 ogid=0 rdev=00:00 nametype=NORMAL cap_fp=0 cap_fi=0 cap_fe=0 cap_fver=0 cap_frootid=0OUID="root" OGID="root"
type=PATH msg=audit(1790084751.820:67791): item=2 name="/lib64/ld-linux-x86-64.so.2" inode=3615 dev=103:01 mode=0100755 ouid=0 ogid=0 rdev=00:00 nametype=NORMAL cap_fp=0 cap_fi=0 cap_fe=0 cap_fver=0 cap_frootid=0OUID="root" OGID="root"
type=PROCTITLE msg=audit(1790084751.820:67791): proctitle=2F62696E2F7368002F6574632F7570646174652D6D6F74642E642F39382D7265626F6F742D7265717569726564
type=SYSCALL msg=audit(1790084751.821:67792): arch=c000003e syscall=59 success=yes exit=0 a0=5edcdc753378 a1=5edcdc7533d0 a2=5edcdc7533e0 a3=35 items=3 ppid=51519 pid=51561 auid=1000 uid=0 gid=0 euid=0 suid=0 fsuid=0 egid=0 sgid=0 fsgid=0 tty=(none) ses=741 comm="update-motd-reb" exe="/usr/bin/dash" subj=unconfined key="exec"ARCH=x86_64 SYSCALL=execve AUID="ubuntu" UID="root" GID="root" EUID="root" SUID="root" FSUID="root" EGID="root" SGID="root" FSGID="root"
type=EXECVE msg=audit(1790084751.821:67792): argc=3 a0="/bin/sh" a1="-e" a2="/usr/lib/update-notifier/update-motd-reboot-required"
type=CWD msg=audit(1790084751.821:67792): cwd="/"
type=PATH msg=audit(1790084751.821:67792): item=0 name="/usr/lib/update-notifier/update-motd-reboot-required" inode=15030 dev=103:01 mode=0100755 ouid=0 ogid=0 rdev=00:00 nametype=NORMAL cap_fp=0 cap_fi=0 cap_fe=0 cap_fver=0 cap_frootid=0OUID="root" OGID="root"
type=PATH msg=audit(1790084751.821:67792): item=1 name="/bin/sh" inode=1547 dev=103:01 mode=0100755 ouid=0 ogid=0 rdev=00:00 nametype=NORMAL cap_fp=0 cap_fi=0 cap_fe=0 cap_fver=0 cap_frootid=0OUID="root" OGID="root"
type=PATH msg=audit(1790084751.821:67792): item=2 name="/lib64/ld-linux-x86-64.so.2" inode=3615 dev=103:01 mode=0100755 ouid=0 ogid=0 rdev=00:00 nametype=NORMAL cap_fp=0 cap_fi=0 cap_fe=0 cap_fver=0 cap_frootid=0OUID="root" OGID="root"
type=PROCTITLE msg=audit(1790084751.821:67792): proctitle=2F62696E2F7368002F6574632F7570646174652D6D6F74642E642F39382D7265626F6F742D7265717569726564
type=SYSCALL msg=audit(1790084751.822:67793): arch=c000003e syscall=257 success=yes exit=5 a0=ffffff9c a1=757fa91dc2c5 a2=80000 a3=0 items=1 ppid=803 pid=51516 auid=1000 uid=0 gid=0 euid=0 suid=0 fsuid=0 egid=0 sgid=0 fsgid=0 tty=(none) ses=741 comm="sshd" exe="/usr/sbin/sshd" subj=unconfined key="sensitive"ARCH=x86_64 SYSCALL=openat AUID="ubuntu" UID="root" GID="root" EUID="root" SUID="root" FSUID="root" EGID="root" SGID="root" FSGID="root"
type=CWD msg=audit(1790084751.822:67793): cwd="/"
type=PATH msg=audit(1790084751.822:67793): item=0 name="/etc/passwd" inode=15919 dev=103:01 mode=0100644 ouid=0 ogid=0 rdev=00:00 nametype=NORMAL cap_fp=0 cap_fi=0 cap_fe=0 cap_fver=0 cap_frootid=0OUID="root" OGID="root"
type=PROCTITLE msg=audit(1790084751.822:67793): proctitle=2F7573722F7362696E2F73736864002D44002D6F00417574686F72697A65644B657973436F6D6D616E64202F7573722F73686172652F6563322D696E7374616E63652D636F6E6E6563742F6569635F72756E5F617574686F72697A65645F6B657973202575202566002D6F00417574686F72697A65644B657973436F6D6D616E
type=SYSCALL msg=audit(1790084751.822:67794): arch=c000003e syscall=257 success=yes exit=5 a0=ffffff9c a1=757fa91dc2c5 a2=80000 a3=0 items=1 ppid=803 pid=51516 auid=1000 uid=0 gid=0 euid=0 suid=0 fsuid=0 egid=0 sgid=0 fsgid=0 tty=(none) ses=741 comm="sshd" exe="/usr/sbin/sshd" subj=unconfined key="sensitive"ARCH=x86_64 SYSCALL=openat AUID="ubuntu" UID="root" GID="root" EUID="root" SUID="root" FSUID="root" EGID="root" SGID="root" FSGID="root"
type=CWD msg=audit(1790084751.822:67794): cwd="/"
type=PATH msg=audit(1790084751.822:67794): item=0 name="/etc/passwd" inode=15919 dev=103:01 mode=0100644 ouid=0 ogid=0 rdev=00:00 nametype=NORMAL cap_fp=0 cap_fi=0 cap_fe=0 cap_fver=0 cap_frootid=0OUID="root" OGID="root"
type=PROCTITLE msg=audit(1790084751.822:67794): proctitle=2F7573722F7362696E2F73736864002D44002D6F00417574686F72697A65644B657973436F6D6D616E64202F7573722F73686172652F6563322D696E7374616E63652D636F6E6E6563742F6569635F72756E5F617574686F72697A65645F6B657973202575202566002D6F00417574686F72697A65644B657973436F6D6D616E
type=SYSCALL msg=audit(1790084751.822:67795): arch=c000003e syscall=257 success=yes exit=5 a0=ffffff9c a1=757fa91dc2c5 a2=80000 a3=0 items=1 ppid=803 pid=51516 auid=1000 uid=0 gid=0 euid=0 suid=0 fsuid=0 egid=0 sgid=0 fsgid=0 tty=(none) ses=741 comm="sshd" exe="/usr/sbin/sshd" subj=unconfined key="sensitive"ARCH=x86_64 SYSCALL=openat AUID="ubuntu" UID="root" GID="root" EUID="root" SUID="root" FSUID="root" EGID="root" SGID="root" FSGID="root"
type=CWD msg=audit(1790084751.822:67795): cwd="/"
type=PATH msg=audit(1790084751.822:67795): item=0 name="/etc/passwd" inode=15919 dev=103:01 mode=0100644 ouid=0 ogid=0 rdev=00:00 nametype=NORMAL cap_fp=0 cap_fi=0 cap_fe=0 cap_fver=0 cap_frootid=0OUID="root" OGID="root"
type=PROCTITLE msg=audit(1790084751.822:67795): proctitle=2F7573722F7362696E2F73736864002D44002D6F00417574686F72697A65644B657973436F6D6D616E64202F7573722F73686172652F6563322D696E7374616E63652D636F6E6E6563742F6569635F72756E5F617574686F72697A65645F6B657973202575202566002D6F00417574686F72697A65644B657973436F6D6D616E
type=SYSCALL msg=audit(1790084751.823:67796): arch=c000003e syscall=257 success=yes exit=5 a0=ffffff9c a1=757fa91dc2c5 a2=80000 a3=0 items=1 ppid=803 pid=51516 auid=1000 uid=0 gid=0 euid=0 suid=0 fsuid=0 egid=0 sgid=0 fsgid=0 tty=(none) ses=741 comm="sshd" exe="/usr/sbin/sshd" subj=unconfined key="sensitive"ARCH=x86_64 SYSCALL=openat AUID="ubuntu" UID="root" GID="root" EUID="root" SUID="root" FSUID="root" EGID="root" SGID="root" FSGID="root"
type=CWD msg=audit(1790084751.823:67796): cwd="/"
type=PATH msg=audit(1790084751.823:67796): item=0 name="/etc/passwd" inode=15919 dev=103:01 mode=0100644 ouid=0 ogid=0 rdev=00:00 nametype=NORMAL cap_fp=0 cap_fi=0 cap_fe=0 cap_fver=0 cap_frootid=0OUID="root" OGID="root"
type=PROCTITLE msg=audit(1790084751.823:67796): proctitle=2F7573722F7362696E2F73736864002D44002D6F00417574686F72697A65644B657973436F6D6D616E64202F7573722F73686172652F6563322D696E7374616E63652D636F6E6E6563742F6569635F72756E5F617574686F72697A65645F6B657973202575202566002D6F00417574686F72697A65644B657973436F6D6D616E
type=SYSCALL msg=audit(1790084751.823:67797): arch=c000003e syscall=257 success=yes exit=5 a0=ffffff9c a1=757fa91dc2c5 a2=80000 a3=0 items=1 ppid=803 pid=51516 auid=1000 uid=0 gid=0 euid=0 suid=0 fsuid=0 egid=0 sgid=0 fsgid=0 tty=(none) ses=741 comm="sshd" exe="/usr/sbin/sshd" subj=unconfined key="sensitive"ARCH=x86_64 SYSCALL=openat AUID="ubuntu" UID="root" GID="root" EUID="root" SUID="root" FSUID="root" EGID="root" SGID="root" FSGID="root"
type=CWD msg=audit(1790084751.823:67797): cwd="/"
type=PATH msg=audit(1790084751.823:67797): item=0 name="/etc/passwd" inode=15919 dev=103:01 mode=0100644 ouid=0 ogid=0 rdev=00:00 nametype=NORMAL cap_fp=0 cap_fi=0 cap_fe=0 cap_fver=0 cap_frootid=0OUID="root" OGID="root"
type=PROCTITLE msg=audit(1790084751.823:67797): proctitle=2F7573722F7362696E2F73736864002D44002D6F00417574686F72697A65644B657973436F6D6D616E64202F7573722F73686172652F6563322D696E7374616E63652D636F6E6E6563742F6569635F72756E5F617574686F72697A65645F6B657973202575202566002D6F00417574686F72697A65644B657973436F6D6D616E
type=USER_START msg=audit(1790084751.823:67798): pid=51516 uid=0 auid=1000 ses=741 subj=unconfined msg='op=PAM:session_open grantors=pam_selinux,pam_loginuid,pam_keyinit,pam_permit,pam_umask,pam_unix,pam_systemd,pam_mail,pam_limits,pam_env,pam_env,pam_selinux acct="ubuntu" exe="/usr/sbin/sshd" hostname=112.148.16.1 addr=112.148.16.1 terminal=ssh res=success'UID="root" AUID="ubuntu"
type=SYSCALL msg=audit(1790084751.825:67799): arch=c000003e syscall=257 success=yes exit=7 a0=ffffff9c a1=757fa91dc2c5 a2=80000 a3=0 items=1 ppid=51516 pid=51562 auid=1000 uid=0 gid=1000 euid=0 suid=0 fsuid=0 egid=1000 sgid=1000 fsgid=1000 tty=(none) ses=741 comm="sshd" exe="/usr/sbin/sshd" subj=unconfined key="sensitive"ARCH=x86_64 SYSCALL=openat AUID="ubuntu" UID="root" GID="ubuntu" EUID="root" SUID="root" FSUID="root" EGID="ubuntu" SGID="ubuntu" FSGID="ubuntu"
type=CWD msg=audit(1790084751.825:67799): cwd="/"
type=PATH msg=audit(1790084751.825:67799): item=0 name="/etc/passwd" inode=15919 dev=103:01 mode=0100644 ouid=0 ogid=0 rdev=00:00 nametype=NORMAL cap_fp=0 cap_fi=0 cap_fe=0 cap_fver=0 cap_frootid=0OUID="root" OGID="root"
type=PROCTITLE msg=audit(1790084751.825:67799): proctitle=737368643A207562756E7475205B707269765D
type=CRED_ACQ msg=audit(1790084751.826:67800): pid=51562 uid=0 auid=1000 ses=741 subj=unconfined msg='op=PAM:setcred grantors=pam_permit,pam_cap acct="ubuntu" exe="/usr/sbin/sshd" hostname=112.148.16.1 addr=112.148.16.1 terminal=ssh res=success'UID="root" AUID="ubuntu"
type=SYSCALL msg=audit(1790084751.887:67801): arch=c000003e syscall=59 success=yes exit=0 a0=583a8287d0b0 a1=7ffe754806b0 a2=583a828ad040 a3=8 items=2 ppid=51562 pid=51563 auid=1000 uid=1000 gid=1000 euid=1000 suid=1000 fsuid=1000 egid=1000 sgid=1000 fsgid=1000 tty=(none) ses=741 comm="bash" exe="/usr/bin/bash" subj=unconfined key="exec"ARCH=x86_64 SYSCALL=execve AUID="ubuntu" UID="ubuntu" GID="ubuntu" EUID="ubuntu" SUID="ubuntu" FSUID="ubuntu" EGID="ubuntu" SGID="ubuntu" FSGID="ubuntu"
type=EXECVE msg=audit(1790084751.887:67801): argc=3 a0="bash" a1="-c" a2=7375646F207461696C202D6E20353030202F7661722F6C6F672F61756469742F61756469742E6C6F67
type=CWD msg=audit(1790084751.887:67801): cwd="/home/ubuntu"
type=PATH msg=audit(1790084751.887:67801): item=0 name="/bin/bash" inode=1570 dev=103:01 mode=0100755 ouid=0 ogid=0 rdev=00:00 nametype=NORMAL cap_fp=0 cap_fi=0 cap_fe=0 cap_fver=0 cap_frootid=0OUID="root" OGID="root"
type=PATH msg=audit(1790084751.887:67801): item=1 name="/lib64/ld-linux-x86-64.so.2" inode=3615 dev=103:01 mode=0100755 ouid=0 ogid=0 rdev=00:00 nametype=NORMAL cap_fp=0 cap_fi=0 cap_fe=0 cap_fver=0 cap_frootid=0OUID="root" OGID="root"
type=PROCTITLE msg=audit(1790084751.887:67801): proctitle=62617368002D63007375646F207461696C202D6E20353030202F7661722F6C6F672F61756469742F61756469742E6C6F67
type=SYSCALL msg=audit(1790084751.890:67802): arch=c000003e syscall=59 success=yes exit=0 a0=5e3100fb1960 a1=5e3100fb29b0 a2=5e3100fa12c0 a3=8 items=2 ppid=51562 pid=51563 auid=1000 uid=1000 gid=1000 euid=0 suid=0 fsuid=0 egid=1000 sgid=1000 fsgid=1000 tty=(none) ses=741 comm="sudo" exe="/usr/bin/sudo" subj=unconfined key="exec"ARCH=x86_64 SYSCALL=execve AUID="ubuntu" UID="ubuntu" GID="ubuntu" EUID="root" SUID="root" FSUID="root" EGID="ubuntu" SGID="ubuntu" FSGID="ubuntu"
type=EXECVE msg=audit(1790084751.890:67802): argc=5 a0="sudo" a1="tail" a2="-n" a3="500" a4="/var/log/audit/audit.log"
type=CWD msg=audit(1790084751.890:67802): cwd="/home/ubuntu"
type=PATH msg=audit(1790084751.890:67802): item=0 name="/usr/bin/sudo" inode=1942 dev=103:01 mode=0104755 ouid=0 ogid=0 rdev=00:00 nametype=NORMAL cap_fp=0 cap_fi=0 cap_fe=0 cap_fver=0 cap_frootid=0OUID="root" OGID="root"
type=PATH msg=audit(1790084751.890:67802): item=1 name="/lib64/ld-linux-x86-64.so.2" inode=3615 dev=103:01 mode=0100755 ouid=0 ogid=0 rdev=00:00 nametype=NORMAL cap_fp=0 cap_fi=0 cap_fe=0 cap_fver=0 cap_frootid=0OUID="root" OGID="root"
type=PROCTITLE msg=audit(1790084751.890:67802): proctitle=62617368002D63007375646F207461696C202D6E20353030202F7661722F6C6F672F61756469742F61756469742E6C6F67
type=SYSCALL msg=audit(1790084751.893:67803): arch=c000003e syscall=257 success=yes exit=3 a0=ffffff9c a1=7606955dc2c5 a2=80000 a3=0 items=1 ppid=51562 pid=51563 auid=1000 uid=1000 gid=1000 euid=0 suid=0 fsuid=0 egid=1000 sgid=1000 fsgid=1000 tty=(none) ses=741 comm="sudo" exe="/usr/bin/sudo" subj=unconfined key="sensitive"ARCH=x86_64 SYSCALL=openat AUID="ubuntu" UID="ubuntu" GID="ubuntu" EUID="root" SUID="root" FSUID="root" EGID="ubuntu" SGID="ubuntu" FSGID="ubuntu"
type=CWD msg=audit(1790084751.893:67803): cwd="/home/ubuntu"
type=PATH msg=audit(1790084751.893:67803): item=0 name="/etc/passwd" inode=15919 dev=103:01 mode=0100644 ouid=0 ogid=0 rdev=00:00 nametype=NORMAL cap_fp=0 cap_fi=0 cap_fe=0 cap_fver=0 cap_frootid=0OUID="root" OGID="root"
type=PROCTITLE msg=audit(1790084751.893:67803): proctitle=62617368002D63007375646F207461696C202D6E20353030202F7661722F6C6F672F61756469742F61756469742E6C6F67
type=SYSCALL msg=audit(1790084751.895:67804): arch=c000003e syscall=257 success=yes exit=5 a0=ffffff9c a1=7606955dc2c5 a2=80000 a3=0 items=1 ppid=51562 pid=51563 auid=1000 uid=1000 gid=1000 euid=0 suid=0 fsuid=0 egid=1000 sgid=1000 fsgid=1000 tty=(none) ses=741 comm="sudo" exe="/usr/bin/sudo" subj=unconfined key="sensitive"ARCH=x86_64 SYSCALL=openat AUID="ubuntu" UID="ubuntu" GID="ubuntu" EUID="root" SUID="root" FSUID="root" EGID="ubuntu" SGID="ubuntu" FSGID="ubuntu"
type=CWD msg=audit(1790084751.895:67804): cwd="/home/ubuntu"
type=PATH msg=audit(1790084751.895:67804): item=0 name="/etc/passwd" inode=15919 dev=103:01 mode=0100644 ouid=0 ogid=0 rdev=00:00 nametype=NORMAL cap_fp=0 cap_fi=0 cap_fe=0 cap_fver=0 cap_frootid=0OUID="root" OGID="root"
type=PROCTITLE msg=audit(1790084751.895:67804): proctitle=62617368002D63007375646F207461696C202D6E20353030202F7661722F6C6F672F61756469742F61756469742E6C6F67
type=SYSCALL msg=audit(1790084751.895:67805): arch=c000003e syscall=257 success=yes exit=5 a0=ffffff9c a1=7606955dc2c5 a2=80000 a3=0 items=1 ppid=51562 pid=51563 auid=1000 uid=1000 gid=1000 euid=0 suid=0 fsuid=0 egid=1000 sgid=1000 fsgid=1000 tty=(none) ses=741 comm="sudo" exe="/usr/bin/sudo" subj=unconfined key="sensitive"ARCH=x86_64 SYSCALL=openat AUID="ubuntu" UID="ubuntu" GID="ubuntu" EUID="root" SUID="root" FSUID="root" EGID="ubuntu" SGID="ubuntu" FSGID="ubuntu"
type=CWD msg=audit(1790084751.895:67805): cwd="/home/ubuntu"
type=PATH msg=audit(1790084751.895:67805): item=0 name="/etc/passwd" inode=15919 dev=103:01 mode=0100644 ouid=0 ogid=0 rdev=00:00 nametype=NORMAL cap_fp=0 cap_fi=0 cap_fe=0 cap_fver=0 cap_frootid=0OUID="root" OGID="root"
type=PROCTITLE msg=audit(1790084751.895:67805): proctitle=62617368002D63007375646F207461696C202D6E20353030202F7661722F6C6F672F61756469742F61756469742E6C6F67
type=SYSCALL msg=audit(1790084751.901:67806): arch=c000003e syscall=257 success=yes exit=6 a0=ffffff9c a1=7606955dc2c5 a2=80000 a3=0 items=1 ppid=51562 pid=51563 auid=1000 uid=1000 gid=1000 euid=0 suid=0 fsuid=0 egid=1000 sgid=1000 fsgid=1000 tty=(none) ses=741 comm="sudo" exe="/usr/bin/sudo" subj=unconfined key="sensitive"ARCH=x86_64 SYSCALL=openat AUID="ubuntu" UID="ubuntu" GID="ubuntu" EUID="root" SUID="root" FSUID="root" EGID="ubuntu" SGID="ubuntu" FSGID="ubuntu"
type=CWD msg=audit(1790084751.901:67806): cwd="/home/ubuntu"
type=PATH msg=audit(1790084751.901:67806): item=0 name="/etc/passwd" inode=15919 dev=103:01 mode=0100644 ouid=0 ogid=0 rdev=00:00 nametype=NORMAL cap_fp=0 cap_fi=0 cap_fe=0 cap_fver=0 cap_frootid=0OUID="root" OGID="root"
type=PROCTITLE msg=audit(1790084751.901:67806): proctitle=62617368002D63007375646F207461696C202D6E20353030202F7661722F6C6F672F61756469742F61756469742E6C6F67
type=SYSCALL msg=audit(1790084751.902:67807): arch=c000003e syscall=257 success=yes exit=6 a0=ffffff9c a1=7606955dc2dd a2=80000 a3=0 items=1 ppid=51562 pid=51563 auid=1000 uid=1000 gid=1000 euid=0 suid=0 fsuid=0 egid=1000 sgid=1000 fsgid=1000 tty=(none) ses=741 comm="sudo" exe="/usr/bin/sudo" subj=unconfined key="sensitive"ARCH=x86_64 SYSCALL=openat AUID="ubuntu" UID="ubuntu" GID="ubuntu" EUID="root" SUID="root" FSUID="root" EGID="ubuntu" SGID="ubuntu" FSGID="ubuntu"
type=CWD msg=audit(1790084751.902:67807): cwd="/home/ubuntu"
type=PATH msg=audit(1790084751.902:67807): item=0 name="/etc/shadow" inode=2647 dev=103:01 mode=0100640 ouid=0 ogid=42 rdev=00:00 nametype=NORMAL cap_fp=0 cap_fi=0 cap_fe=0 cap_fver=0 cap_frootid=0OUID="root" OGID="shadow"
type=PROCTITLE msg=audit(1790084751.902:67807): proctitle=62617368002D63007375646F207461696C202D6E20353030202F7661722F6C6F672F61756469742F61756469742E6C6F67
type=USER_ACCT msg=audit(1790084751.902:67808): pid=51563 uid=1000 auid=1000 ses=741 subj=unconfined msg='op=PAM:accounting grantors=pam_permit acct="ubuntu" exe="/usr/bin/sudo" hostname=? addr=? terminal=? res=success'UID="ubuntu" AUID="ubuntu"
type=SYSCALL msg=audit(1790084751.902:67809): arch=c000003e syscall=257 success=yes exit=6 a0=ffffff9c a1=7606955dc2c5 a2=80000 a3=0 items=1 ppid=51562 pid=51563 auid=1000 uid=1000 gid=1000 euid=0 suid=0 fsuid=0 egid=1000 sgid=1000 fsgid=1000 tty=(none) ses=741 comm="sudo" exe="/usr/bin/sudo" subj=unconfined key="sensitive"ARCH=x86_64 SYSCALL=openat AUID="ubuntu" UID="ubuntu" GID="ubuntu" EUID="root" SUID="root" FSUID="root" EGID="ubuntu" SGID="ubuntu" FSGID="ubuntu"
type=CWD msg=audit(1790084751.902:67809): cwd="/home/ubuntu"
type=PATH msg=audit(1790084751.902:67809): item=0 name="/etc/passwd" inode=15919 dev=103:01 mode=0100644 ouid=0 ogid=0 rdev=00:00 nametype=NORMAL cap_fp=0 cap_fi=0 cap_fe=0 cap_fver=0 cap_frootid=0OUID="root" OGID="root"
type=PROCTITLE msg=audit(1790084751.902:67809): proctitle=62617368002D63007375646F207461696C202D6E20353030202F7661722F6C6F672F61756469742F61756469742E6C6F67
type=USER_CMD msg=audit(1790084751.902:67810): pid=51563 uid=1000 auid=1000 ses=741 subj=unconfined msg='cwd="/home/ubuntu" cmd=7461696C202D6E20353030202F7661722F6C6F672F61756469742F61756469742E6C6F67 exe="/usr/bin/sudo" terminal=? res=success'UID="ubuntu" AUID="ubuntu"
type=SYSCALL msg=audit(1790084751.902:67811): arch=c000003e syscall=257 success=yes exit=8 a0=ffffff9c a1=7606955dc2c5 a2=80000 a3=0 items=1 ppid=51562 pid=51563 auid=1000 uid=1000 gid=1000 euid=0 suid=0 fsuid=0 egid=1000 sgid=1000 fsgid=1000 tty=(none) ses=741 comm="sudo" exe="/usr/bin/sudo" subj=unconfined key="sensitive"ARCH=x86_64 SYSCALL=openat AUID="ubuntu" UID="ubuntu" GID="ubuntu" EUID="root" SUID="root" FSUID="root" EGID="ubuntu" SGID="ubuntu" FSGID="ubuntu"
type=CWD msg=audit(1790084751.902:67811): cwd="/home/ubuntu"
type=PATH msg=audit(1790084751.902:67811): item=0 name="/etc/passwd" inode=15919 dev=103:01 mode=0100644 ouid=0 ogid=0 rdev=00:00 nametype=NORMAL cap_fp=0 cap_fi=0 cap_fe=0 cap_fver=0 cap_frootid=0OUID="root" OGID="root"
type=PROCTITLE msg=audit(1790084751.902:67811): proctitle=62617368002D63007375646F207461696C202D6E20353030202F7661722F6C6F672F61756469742F61756469742E6C6F67
type=SYSCALL msg=audit(1790084751.904:67812): arch=c000003e syscall=257 success=yes exit=8 a0=ffffff9c a1=7606955dc2c5 a2=80000 a3=0 items=1 ppid=51562 pid=51563 auid=1000 uid=1000 gid=0 euid=0 suid=0 fsuid=0 egid=0 sgid=0 fsgid=0 tty=(none) ses=741 comm="sudo" exe="/usr/bin/sudo" subj=unconfined key="sensitive"ARCH=x86_64 SYSCALL=openat AUID="ubuntu" UID="ubuntu" GID="root" EUID="root" SUID="root" FSUID="root" EGID="root" SGID="root" FSGID="root"
type=CWD msg=audit(1790084751.904:67812): cwd="/home/ubuntu"
type=PATH msg=audit(1790084751.904:67812): item=0 name="/etc/passwd" inode=15919 dev=103:01 mode=0100644 ouid=0 ogid=0 rdev=00:00 nametype=NORMAL cap_fp=0 cap_fi=0 cap_fe=0 cap_fver=0 cap_frootid=0OUID="root" OGID="root"
type=PROCTITLE msg=audit(1790084751.904:67812): proctitle=62617368002D63007375646F207461696C202D6E20353030202F7661722F6C6F672F61756469742F61756469742E6C6F67
type=CRED_REFR msg=audit(1790084751.904:67813): pid=51563 uid=1000 auid=1000 ses=741 subj=unconfined msg='op=PAM:setcred grantors=pam_permit,pam_cap acct="root" exe="/usr/bin/sudo" hostname=? addr=? terminal=? res=success'UID="ubuntu" AUID="ubuntu"
type=SYSCALL msg=audit(1790084751.905:67814): arch=c000003e syscall=257 success=yes exit=8 a0=ffffff9c a1=7606955dc2c5 a2=80000 a3=0 items=1 ppid=51562 pid=51563 auid=1000 uid=1000 gid=0 euid=0 suid=0 fsuid=0 egid=0 sgid=0 fsgid=0 tty=(none) ses=741 comm="sudo" exe="/usr/bin/sudo" subj=unconfined key="sensitive"ARCH=x86_64 SYSCALL=openat AUID="ubuntu" UID="ubuntu" GID="root" EUID="root" SUID="root" FSUID="root" EGID="root" SGID="root" FSGID="root"
type=CWD msg=audit(1790084751.905:67814): cwd="/home/ubuntu"
type=PATH msg=audit(1790084751.905:67814): item=0 name="/etc/passwd" inode=15919 dev=103:01 mode=0100644 ouid=0 ogid=0 rdev=00:00 nametype=NORMAL cap_fp=0 cap_fi=0 cap_fe=0 cap_fver=0 cap_frootid=0OUID="root" OGID="root"
type=PROCTITLE msg=audit(1790084751.905:67814): proctitle=62617368002D63007375646F207461696C202D6E20353030202F7661722F6C6F672F61756469742F61756469742E6C6F67
type=SYSCALL msg=audit(1790084751.905:67815): arch=c000003e syscall=257 success=yes exit=8 a0=ffffff9c a1=7606955dc2c5 a2=80000 a3=0 items=1 ppid=51562 pid=51563 auid=1000 uid=1000 gid=0 euid=0 suid=0 fsuid=0 egid=0 sgid=0 fsgid=0 tty=(none) ses=741 comm="sudo" exe="/usr/bin/sudo" subj=unconfined key="sensitive"ARCH=x86_64 SYSCALL=openat AUID="ubuntu" UID="ubuntu" GID="root" EUID="root" SUID="root" FSUID="root" EGID="root" SGID="root" FSGID="root"
type=CWD msg=audit(1790084751.905:67815): cwd="/home/ubuntu"
type=PATH msg=audit(1790084751.905:67815): item=0 name="/etc/passwd" inode=15919 dev=103:01 mode=0100644 ouid=0 ogid=0 rdev=00:00 nametype=NORMAL cap_fp=0 cap_fi=0 cap_fe=0 cap_fver=0 cap_frootid=0OUID="root" OGID="root"
type=PROCTITLE msg=audit(1790084751.905:67815): proctitle=62617368002D63007375646F207461696C202D6E20353030202F7661722F6C6F672F61756469742F61756469742E6C6F67
type=SYSCALL msg=audit(1790084751.906:67816): arch=c000003e syscall=257 success=yes exit=8 a0=ffffff9c a1=7606955dc2c5 a2=80000 a3=0 items=1 ppid=51562 pid=51563 auid=1000 uid=1000 gid=0 euid=0 suid=0 fsuid=0 egid=0 sgid=0 fsgid=0 tty=(none) ses=741 comm="sudo" exe="/usr/bin/sudo" subj=unconfined key="sensitive"ARCH=x86_64 SYSCALL=openat AUID="ubuntu" UID="ubuntu" GID="root" EUID="root" SUID="root" FSUID="root" EGID="root" SGID="root" FSGID="root"
type=CWD msg=audit(1790084751.906:67816): cwd="/home/ubuntu"
type=PATH msg=audit(1790084751.906:67816): item=0 name="/etc/passwd" inode=15919 dev=103:01 mode=0100644 ouid=0 ogid=0 rdev=00:00 nametype=NORMAL cap_fp=0 cap_fi=0 cap_fe=0 cap_fver=0 cap_frootid=0OUID="root" OGID="root"
type=PROCTITLE msg=audit(1790084751.906:67816): proctitle=62617368002D63007375646F207461696C202D6E20353030202F7661722F6C6F672F61756469742F61756469742E6C6F67
type=USER_START msg=audit(1790084751.906:67817): pid=51563 uid=1000 auid=1000 ses=741 subj=unconfined msg='op=PAM:session_open grantors=pam_limits,pam_env,pam_env,pam_permit,pam_umask,pam_unix acct="root" exe="/usr/bin/sudo" hostname=? addr=? terminal=? res=success'UID="ubuntu" AUID="ubuntu"
type=SYSCALL msg=audit(1790084751.908:67818): arch=c000003e syscall=59 success=yes exit=0 a0=56b2d2a6f278 a1=56b2d2a62620 a2=56b2d2a73e00 a3=0 items=2 ppid=51563 pid=51564 auid=1000 uid=0 gid=0 euid=0 suid=0 fsuid=0 egid=0 sgid=0 fsgid=0 tty=(none) ses=741 comm="tail" exe="/usr/bin/tail" subj=unconfined key="exec"ARCH=x86_64 SYSCALL=execve AUID="ubuntu" UID="root" GID="root" EUID="root" SUID="root" FSUID="root" EGID="root" SGID="root" FSGID="root"
type=EXECVE msg=audit(1790084751.908:67818): argc=4 a0="tail" a1="-n" a2="500" a3="/var/log/audit/audit.log"
type=CWD msg=audit(1790084751.908:67818): cwd="/home/ubuntu"
type=PATH msg=audit(1790084751.908:67818): item=0 name="/usr/bin/tail" inode=22074 dev=103:01 mode=0100755 ouid=0 ogid=0 rdev=00:00 nametype=NORMAL cap_fp=0 cap_fi=0 cap_fe=0 cap_fver=0 cap_frootid=0OUID="root" OGID="root"
type=PATH msg=audit(1790084751.908:67818): item=1 name="/lib64/ld-linux-x86-64.so.2" inode=3615 dev=103:01 mode=0100755 ouid=0 ogid=0 rdev=00:00 nametype=NORMAL cap_fp=0 cap_fi=0 cap_fe=0 cap_fver=0 cap_frootid=0OUID="root" OGID="root"
type=PROCTITLE msg=audit(1790084751.908:67818): proctitle=7461696C002D6E00353030002F7661722F6C6F672F61756469742F61756469742E6C6F67
